{
  "horseData": {
    "e4f77184-e3fb-4416-9b26-636df220d2a4": {
      "horseId": "e4f77184-e3fb-4416-9b26-636df220d2a4",
      "horseName": "SWEM Horse",
      "ownerId": "0fd4deb2-f112-4d1a-8606-026b910819c4",
      "ownerName": "danyboydark",
      "dimension": "minecraft:overworld",
      "position": {
        "f_82479_": 307.19999998807907,
        "f_82480_": 63.0,
        "f_82481_": -1086.800000011921
      },
      "isDead": false,
      "inventoryData": {"Inventory":[{"Item":{"id":"minecraft:air","Count":0},"Slot":0},{"Item":{"id":"minecraft:air","Count":0},"Slot":1},{"Item":{"id":"minecraft:air","Count":0},"Slot":2},{"Item":{"id":"minecraft:air","Count":0},"Slot":3},{"Item":{"id":"minecraft:air","Count":0},"Slot":4},{"Item":{"id":"minecraft:air","Count":0},"Slot":5},{"Item":{"id":"minecraft:air","Count":0},"Slot":6},{"Item":{"id":"minecraft:air","Count":0},"Slot":7}]},
      "progressionData": {"JumpLevel":0,"SpeedLevel":0,"AffinityXP":99.15,"AffinityLevel":0,"daysSwiped":[0,0,0,0,0],"HealthLevel":0,"JumpXP":0.0,"HealthXP":10.0,"desensiztingItem":{"id":"minecraft:air","Count":0},"SpeedXP":0.15,"currentSwipes":0},
      "genderData": {"GestationTimer":0,"Pregnant":0,"Foals":[],"TotalOffsprings":0,"Female":1,"Infertile":0,"InLoveTimer":0,"BreedCooldown":0},
      "lineageData": {"Data":{"Offsprings":[]}}
    }
  }
}