{
  "horseData": {
    "e4f77184-e3fb-4416-9b26-636df220d2a4": {
      "horseId": "e4f77184-e3fb-4416-9b26-636df220d2a4",
      "horseName": "SWEM Horse",
      "ownerId": "0fd4deb2-f112-4d1a-8606-026b910819c4",
      "ownerName": "danyboydark",
      "dimension": "minecraft:overworld",
      "position": {
        "f_82479_": 304.3071314805259,
        "f_82480_": 64.875,
        "f_82481_": -1087.0091340329686
      },
      "isDead": false,
      "inventoryData": {"Inventory":[{"Item":{"id":"minecraft:air","Count":0},"Slot":0},{"Item":{"id":"minecraft:air","Count":0},"Slot":1},{"Item":{"id":"minecraft:air","Count":0},"Slot":2},{"Item":{"id":"minecraft:air","Count":0},"Slot":3},{"Item":{"id":"minecraft:air","Count":0},"Slot":4},{"Item":{"id":"minecraft:air","Count":0},"Slot":5},{"Item":{"id":"minecraft:air","Count":0},"Slot":6},{"Item":{"id":"minecraft:air","Count":0},"Slot":7}]},
      "progressionData": {"JumpLevel":0,"SpeedLevel":0,"AffinityXP":99.200005,"AffinityLevel":0,"daysSwiped":[0,0,0,0,0],"HealthLevel":0,"JumpXP":0.0,"HealthXP":10.0,"desensiztingItem":{"id":"minecraft:air","Count":0},"SpeedXP":0.2,"currentSwipes":0},
      "genderData": {"GestationTimer":0,"Pregnant":0,"Foals":[],"TotalOffsprings":0,"Female":1,"Infertile":0,"InLoveTimer":0,"BreedCooldown":0},
      "lineageData": {"Data":{"Offsprings":[]}}
    },
    "38e6f826-4787-472b-a4a0-76dfbaab3924": {
      "horseId": "38e6f826-4787-472b-a4a0-76dfbaab3924",
      "horseName": "SWEM Horse",
      "dimension": "minecraft:overworld",
      "position": {
        "f_82479_": 285.74680296693003,
        "f_82480_": 64.0,
        "f_82481_": -1091.8364281488316
      },
      "isDead": false,
      "inventoryData": {"Inventory":[{"Item":{"id":"minecraft:air","Count":0},"Slot":0},{"Item":{"id":"minecraft:air","Count":0},"Slot":1},{"Item":{"id":"minecraft:air","Count":0},"Slot":2},{"Item":{"id":"minecraft:air","Count":0},"Slot":3},{"Item":{"id":"minecraft:air","Count":0},"Slot":4},{"Item":{"id":"minecraft:air","Count":0},"Slot":5},{"Item":{"id":"minecraft:air","Count":0},"Slot":6},{"Item":{"id":"minecraft:air","Count":0},"Slot":7}]},
      "progressionData": {"JumpLevel":0,"SpeedLevel":0,"AffinityXP":0.0,"AffinityLevel":0,"daysSwiped":[0,0,0,0,0],"HealthLevel":0,"JumpXP":0.0,"HealthXP":0.0,"desensiztingItem":{"id":"minecraft:air","Count":0},"SpeedXP":0.0,"currentSwipes":0},
      "genderData": {"TotalOffsprings":0,"Female":0,"Infertile":0,"InLoveTimer":0,"BreedCooldown":0},
      "lineageData": {"Data":{"Offsprings":[]}}
    }
  }
}