{"stats":{"minecraft:killed":{"minecraft:pig":23,"minecraft:salmon":2,"minecraft:iron_golem":1,"minecraft:sheep":17,"minecraft:pillager":1,"minecraft:chicken":15,"minecraft:cow":9},"minecraft:crafted":{"minecraft:cooked_beef":14,"minecraft:stone_shovel":1,"minecraft:cooked_porkchop":36,"minecraft:crafting_table":1,"minecraft:spruce_planks":24,"minecraft:wooden_pickaxe":1,"minecraft:cooked_chicken":15,"minecraft:furnace":4,"minecraft:birch_planks":16,"minecraft:stone_axe":2,"minecraft:cooked_mutton":24,"minecraft:air":0,"minecraft:shield":1,"minecraft:stick":12,"minecraft:iron_pickaxe":1,"minecraft:stone_pickaxe":1,"minecraft:white_bed":1,"minecraft:dark_oak_planks":20},"minecraft:broken":{"minecraft:stone_pickaxe":1,"minecraft:stone_axe":1},"minecraft:custom":{"minecraft:interact_with_furnace":85,"minecraft:mob_kills":68,"minecraft:interact_with_crafting_table":19,"minecraft:leave_game":1,"minecraft:time_since_death":36565,"minecraft:sleep_in_bed":3,"minecraft:climb_one_cm":418,"minecraft:time_since_rest":14850,"minecraft:sprint_one_cm":130343,"minecraft:damage_taken":140,"minecraft:walk_one_cm":51599,"minecraft:damage_blocked_by_shield":30,"minecraft:drop":6,"minecraft:damage_dealt":6459,"minecraft:talked_to_villager":3,"minecraft:swim_one_cm":12314,"minecraft:fly_one_cm":192001,"minecraft:open_chest":4,"minecraft:crouch_one_cm":1345,"minecraft:play_time":36565,"minecraft:sneak_time":846,"minecraft:walk_under_water_one_cm":3208,"minecraft:jump":832,"minecraft:walk_on_water_one_cm":1521,"minecraft:total_world_time":36565,"minecraft:fall_one_cm":25154},"minecraft:used":{"minecraft:cooked_mutton":3,"minecraft:stone_shovel":37,"minecraft:stone_pickaxe":124,"minecraft:shield":1,"minecraft:spruce_planks":1,"minecraft:wooden_pickaxe":10,"minecraft:cooked_chicken":1,"minecraft:white_wool":2,"minecraft:dirt":12,"minecraft:mutton":1,"minecraft:crafting_table":8,"minecraft:white_bed":3,"minecraft:iron_pickaxe":39,"minecraft:gravel":3,"minecraft:stone_axe":139,"minecraft:furnace":6,"minecraft:cooked_porkchop":3,"minecraft:egg":1},"minecraft:picked_up":{"minecraft:birch_log":4,"minecraft:crafting_table":8,"minecraft:feather":13,"minecraft:chicken":15,"minecraft:salmon":2,"minecraft:leather":18,"minecraft:flint":1,"minecraft:oak_log":7,"minecraft:yellow_bed":4,"minecraft:dirt":24,"minecraft:wheat_seeds":3,"minecraft:beef":14,"minecraft:iron_ingot":4,"minecraft:poppy":1,"minecraft:light_gray_wool":2,"minecraft:egg":1,"minecraft:furnace":2,"minecraft:raw_iron":3,"minecraft:gravel":3,"minecraft:porkchop":47,"minecraft:stripped_spruce_log":1,"minecraft:white_bed":6,"minecraft:spruce_log":6,"minecraft:dark_oak_log":3,"minecraft:dark_oak_planks":20,"minecraft:hay_block":16,"minecraft:mutton":34,"minecraft:coal":48,"minecraft:white_wool":23,"minecraft:cobblestone":96},"minecraft:dropped":{"minecraft:wheat_seeds":1,"minecraft:light_gray_wool":2,"minecraft:leather":12,"minecraft:poppy":1,"minecraft:dark_oak_planks":20},"minecraft:mined":{"minecraft:white_bed":6,"minecraft:crafting_table":8,"minecraft:grass_block":8,"minecraft:cobblestone":1,"minecraft:tall_grass":4,"minecraft:large_fern":5,"minecraft:hay_block":16,"minecraft:furnace":2,"minecraft:birch_log":4,"minecraft:iron_ore":4,"minecraft:spruce_log":6,"minecraft:birch_leaves":1,"minecraft:stripped_spruce_log":1,"minecraft:yellow_bed":4,"minecraft:grass":17,"minecraft:coal_ore":48,"minecraft:oak_log":7,"minecraft:gravel":5,"minecraft:dirt":16,"minecraft:stone":95,"minecraft:white_wool":2,"minecraft:oak_leaves":1}},"DataVersion":3465}