{"stats":{"minecraft:killed":{"minecraft:magma_cube":12,"minecraft:pig":23,"minecraft:salmon":2,"minecraft:spider":2,"minecraft:iron_golem":1,"minecraft:skeleton":3,"minecraft:sheep":17,"minecraft:pillager":1,"minecraft:zombie":8,"minecraft:chicken":15,"minecraft:blaze":2,"minecraft:enderman":1,"minecraft:cow":9},"minecraft:crafted":{"minecraft:cooked_beef":14,"minecraft:stone_shovel":1,"minecraft:cooked_porkchop":42,"minecraft:dark_oak_boat":1,"minecraft:crafting_table":1,"minecraft:spruce_planks":24,"minecraft:iron_helmet":1,"minecraft:baked_potato":16,"minecraft:wooden_pickaxe":1,"minecraft:cooked_chicken":15,"minecraft:furnace":4,"minecraft:bucket":2,"minecraft:birch_planks":16,"minecraft:stone_axe":3,"minecraft:bread":1,"minecraft:cooked_mutton":31,"minecraft:air":0,"minecraft:flint_and_steel":1,"minecraft:iron_boots":1,"minecraft:iron_chestplate":1,"minecraft:shield":1,"minecraft:stick":16,"minecraft:iron_ingot":30,"minecraft:iron_pickaxe":1,"minecraft:stone_pickaxe":1,"minecraft:iron_leggings":1,"minecraft:white_bed":1,"minecraft:dark_oak_planks":20},"minecraft:broken":{"minecraft:stone_pickaxe":1,"minecraft:stone_axe":2},"minecraft:custom":{"minecraft:interact_with_furnace":205,"minecraft:mob_kills":97,"minecraft:interact_with_crafting_table":41,"minecraft:leave_game":1,"minecraft:time_since_death":72565,"minecraft:sleep_in_bed":6,"minecraft:climb_one_cm":418,"minecraft:time_since_rest":16017,"minecraft:sprint_one_cm":215867,"minecraft:damage_taken":1145,"minecraft:walk_one_cm":115327,"minecraft:damage_blocked_by_shield":465,"minecraft:drop":20,"minecraft:damage_dealt":10398,"minecraft:talked_to_villager":3,"minecraft:swim_one_cm":16804,"minecraft:fly_one_cm":323203,"minecraft:open_chest":4,"minecraft:crouch_one_cm":9088,"minecraft:play_time":72565,"minecraft:sneak_time":3684,"minecraft:walk_under_water_one_cm":8581,"minecraft:boat_one_cm":4926,"minecraft:jump":1709,"minecraft:walk_on_water_one_cm":13089,"minecraft:total_world_time":72565,"minecraft:fall_one_cm":48845},"minecraft:used":{"minecraft:cooked_mutton":18,"minecraft:water_bucket":18,"minecraft:flint_and_steel":2,"minecraft:stone_shovel":81,"minecraft:stone_pickaxe":124,"minecraft:shield":18,"minecraft:spruce_planks":13,"minecraft:wooden_pickaxe":10,"minecraft:cooked_chicken":1,"minecraft:netherrack":43,"minecraft:white_wool":2,"minecraft:dirt":12,"minecraft:mutton":1,"minecraft:crafting_table":9,"minecraft:white_bed":4,"minecraft:dark_oak_planks":3,"minecraft:lava_bucket":16,"minecraft:iron_pickaxe":187,"minecraft:gravel":3,"minecraft:stone_axe":198,"minecraft:cobblestone":72,"minecraft:dark_oak_boat":3,"minecraft:soul_soil":37,"minecraft:furnace":13,"minecraft:cooked_porkchop":3,"minecraft:bucket":34,"minecraft:egg":1},"minecraft:picked_up":{"minecraft:birch_log":4,"minecraft:iron_chestplate":1,"minecraft:crafting_table":9,"minecraft:wheat":1,"minecraft:feather":13,"minecraft:chicken":15,"minecraft:andesite":2,"minecraft:salmon":2,"minecraft:dark_oak_boat":3,"minecraft:leather":18,"minecraft:flint":1,"minecraft:oak_log":7,"minecraft:yellow_bed":4,"minecraft:string":1,"minecraft:dirt":24,"minecraft:soul_soil":37,"minecraft:bone":2,"minecraft:wheat_seeds":3,"minecraft:beef":14,"minecraft:iron_ingot":5,"minecraft:poppy":1,"minecraft:light_gray_wool":2,"minecraft:egg":1,"minecraft:furnace":13,"minecraft:raw_iron":34,"minecraft:gravel":3,"minecraft:porkchop":47,"minecraft:stripped_spruce_log":1,"minecraft:white_bed":7,"minecraft:spruce_log":6,"minecraft:dark_oak_log":3,"minecraft:dark_oak_planks":20,"minecraft:arrow":2,"minecraft:rotten_flesh":9,"minecraft:hay_block":16,"minecraft:granite":2,"minecraft:blaze_rod":2,"minecraft:baked_potato":2,"minecraft:netherrack":51,"minecraft:mutton":34,"minecraft:coal":160,"minecraft:white_wool":23,"minecraft:cobblestone":125},"minecraft:dropped":{"minecraft:wheat_seeds":1,"minecraft:cooked_porkchop":39,"minecraft:raw_iron":2,"minecraft:wheat":2,"minecraft:light_gray_wool":2,"minecraft:leather":12,"minecraft:granite":2,"minecraft:carrot":5,"minecraft:poppy":1,"minecraft:iron_chestplate":1,"minecraft:andesite":2,"minecraft:leather_boots":1,"minecraft:dark_oak_planks":20,"minecraft:netherrack":1,"minecraft:bone":2},"minecraft:mined":{"minecraft:white_bed":7,"minecraft:crafting_table":9,"minecraft:granite":1,"minecraft:grass_block":8,"minecraft:soul_soil":47,"minecraft:cobblestone":8,"minecraft:tall_grass":4,"minecraft:large_fern":5,"minecraft:hay_block":16,"minecraft:furnace":13,"minecraft:birch_log":4,"minecraft:iron_ore":35,"minecraft:fire":3,"minecraft:spruce_log":6,"minecraft:birch_leaves":1,"minecraft:stripped_spruce_log":1,"minecraft:yellow_bed":4,"minecraft:nether_brick_fence":2,"minecraft:grass":17,"minecraft:coal_ore":65,"minecraft:oak_log":7,"minecraft:gravel":5,"minecraft:dirt":16,"minecraft:stone":120,"minecraft:netherrack":54,"minecraft:white_wool":2,"minecraft:oak_leaves":1}},"DataVersion":3465}