{"stats":{"minecraft:killed":{"minecraft:sheep":1,"minecraft:pig":9,"minecraft:chicken":2},"minecraft:crafted":{"minecraft:stone_shovel":1,"minecraft:cooked_porkchop":12,"minecraft:spruce_planks":24,"minecraft:crafting_table":1,"minecraft:stick":8,"minecraft:wooden_pickaxe":1,"minecraft:stone_pickaxe":1,"minecraft:furnace":3,"minecraft:white_bed":1,"minecraft:birch_planks":16,"minecraft:stone_axe":1,"minecraft:cooked_mutton":4,"minecraft:air":0},"minecraft:used":{"minecraft:stone_shovel":17,"minecraft:stone_pickaxe":54,"minecraft:wooden_pickaxe":10,"minecraft:stone_axe":31,"minecraft:dirt":5,"minecraft:mutton":1,"minecraft:crafting_table":5,"minecraft:furnace":2,"minecraft:cooked_porkchop":2,"minecraft:white_bed":1},"minecraft:picked_up":{"minecraft:birch_log":4,"minecraft:crafting_table":4,"minecraft:feather":2,"minecraft:chicken":2,"minecraft:gravel":3,"minecraft:porkchop":17,"minecraft:flint":1,"minecraft:oak_log":7,"minecraft:stripped_spruce_log":1,"minecraft:white_bed":1,"minecraft:spruce_log":6,"minecraft:dirt":19,"minecraft:mutton":9,"minecraft:white_wool":7,"minecraft:cobblestone":43},"minecraft:custom":{"minecraft:time_since_rest":4203,"minecraft:interact_with_furnace":27,"minecraft:sprint_one_cm":47473,"minecraft:damage_taken":40,"minecraft:walk_one_cm":14799,"minecraft:mob_kills":12,"minecraft:damage_dealt":1060,"minecraft:swim_one_cm":1377,"minecraft:interact_with_crafting_table":10,"minecraft:fly_one_cm":40031,"minecraft:crouch_one_cm":37,"minecraft:play_time":12565,"minecraft:sneak_time":15,"minecraft:walk_under_water_one_cm":72,"minecraft:jump":231,"minecraft:leave_game":1,"minecraft:walk_on_water_one_cm":314,"minecraft:time_since_death":12565,"minecraft:sleep_in_bed":1,"minecraft:total_world_time":12565,"minecraft:fall_one_cm":6669},"minecraft:mined":{"minecraft:large_fern":5,"minecraft:white_bed":1,"minecraft:birch_log":4,"minecraft:spruce_log":6,"minecraft:birch_leaves":1,"minecraft:stripped_spruce_log":1,"minecraft:crafting_table":4,"minecraft:grass":2,"minecraft:grass_block":6,"minecraft:oak_log":7,"minecraft:gravel":5,"minecraft:dirt":14,"minecraft:stone":43}},"DataVersion":3465}