{"stats":{"minecraft:dropped":{"minecraft:cobblestone":2,"minecraft:rotten_flesh":2,"minecraft:oak_planks":20,"minecraft:stick":2,"minecraft:dirt":7,"goblins_tyranny:glitteron_armor":1,"minecraft:wooden_pickaxe":1,"tombstone:scroll_of_preservation":1,"goblins_tyranny:mug":12},"minecraft:killed":{"born_in_chaos_v1:baby_skeleton":1,"born_in_chaos_v1:door_knight_not_despawn":1,"luminousworld:swallowtail":1,"enemyexpansion:direwolf":3,"born_in_chaos_v1:decrepit_skeleton":2,"minecraft:sheep":1,"goblins_tyranny:mini_goblin_2":1,"illusion_onslaught:cultoliger":5,"luminousworld:treant":1},"minecraft:crafted":{"minecraft:oak_planks":10,"minecraft:crafting_table":5,"illusion_onslaught:spiritual_helmet":1,"minecraft:spruce_planks":2,"minecraft:wooden_pickaxe":1,"minecraft:furnace":1,"epicfight:stone_greatsword":1,"minecraft:birch_planks":6,"minecraft:stone_axe":1,"minecraft:cooked_mutton":13,"minecraft:air":96,"minecraft:shield":1,"minecraft:stick":9,"illusion_onslaught:spiritual_chestplate":1,"minecraft:stone_pickaxe":1,"minecraft:gold_ingot":2,"minecraft:chest":1,"minecraft:iron_shovel":1,"minecraft:lapis_lazuli":1},"minecraft:mined":{"goblins_tyranny:hut_window":2,"minecraft:spruce_planks":4,"luminousworld:blue_petunias":1,"illusion_onslaught:cultstone_brick_stairs":1,"goblins_tyranny:mugs":1,"minecraft:crafting_table":1,"minecraft:grass_block":3,"iceandfire:ghost_chest":1,"luminousworld:decorative_brown_mushroom_1":2,"minecraft:cobblestone":6,"illusion_onslaught:cultstone":1,"minecraft:oak_planks":11,"minecraft:spawner":5,"minecraft:birch_log":6,"minecraft:iron_ore":22,"minecraft:barrel":3,"minecraft:birch_leaves":9,"minecraft:stripped_spruce_log":2,"goblins_tyranny:mugs_2":1,"minecraft:coal_ore":20,"minecraft:grass":2,"minecraft:oak_log":10,"minecraft:vine":1,"minecraft:dirt":44,"luminousworld:grassvariant_3":1,"minecraft:stone":41,"luminousworld:elephant_grass":2,"minecraft:oak_leaves":4},"minecraft:used":{"minecraft:cooked_mutton":7,"minecraft:iron_shovel":26,"minecraft:birch_planks":2,"minecraft:stone_pickaxe":62,"minecraft:spruce_planks":9,"minecraft:oak_planks":18,"irons_spellbooks:cultist_helmet":1,"minecraft:chest":1,"minecraft:leather_chestplate":1,"minecraft:wooden_pickaxe":11,"minecraft:leather_boots":1,"minecraft:white_wool":1,"minecraft:golden_apple":1,"minecraft:dirt":42,"minecraft:mutton":2,"goblins_tyranny:goblin_spear":8,"minecraft:crafting_table":6,"goblins_tyranny:blazing_liquor_item":1,"minecraft:carrot":9,"illusion_onslaught:spiritual_helmet":1,"minecraft:apple":1,"illusion_onslaught:cultstone_brick_stairs":1,"minecraft:bread":5,"minecraft:birch_sapling":1,"minecraft:iron_pickaxe":39,"epicfight:stone_greatsword":16,"minecraft:stone_axe":75,"minecraft:cobblestone":19,"minecraft:potion":1,"luminousworld:blue_petunias":1,"minecraft:furnace":1,"illusion_onslaught:arcaned_calcite":2,"tombstone:gift":2,"alexsmobs:animal_dictionary":1,"goblins_tyranny:mug":3,"luminousworld:decorative_brown_mushroom_1":2},"minecraft:picked_up":{"goblins_tyranny:bomb":2,"minecraft:birch_log":6,"minecraft:crafting_table":1,"minecraft:enchanted_book":1,"iceandfire:ectoplasm":2,"goblins_tyranny:mug":15,"paraglider:spirit_orb":10,"tombstone:scroll_of_preservation":1,"minecraft:oak_log":10,"iceandfire:manuscript":6,"minecraft:dirt":54,"minecraft:bone":9,"illusion_onslaught:ominous_cloth":14,"illusion_onslaught:mana_potion":5,"minecraft:spruce_planks":4,"goblins_tyranny:fire_bomb":3,"minecraft:birch_sapling":1,"minecraft:oak_planks":32,"iceandfire:ghost_chest":1,"goblins_tyranny:glitteron_armor":2,"minecraft:stick":2,"minecraft:raw_iron":22,"luminousworld:blue_petunias":1,"minecraft:stripped_spruce_log":2,"minecraft:barrel":3,"minecraft:spider_eye":20,"iceandfire:silver_ingot":2,"luminousworld:decorative_brown_mushroom_1":2,"minecraft:rotten_flesh":3,"illusion_onslaught:cultstone_brick_stairs":1,"goblins_tyranny:gaz_bomb":6,"luminousworld:far_lands":1,"minecraft:mutton":2,"minecraft:coal":20,"minecraft:white_wool":1,"minecraft:cobblestone":49},"minecraft:custom":{"minecraft:interact_with_furnace":9,"minecraft:mob_kills":16,"minecraft:interact_with_crafting_table":24,"minecraft:open_barrel":21,"minecraft:damage_dealt_resisted":51,"minecraft:leave_game":4,"minecraft:time_since_death":52853,"minecraft:climb_one_cm":935,"minecraft:time_since_rest":51013,"minecraft:sprint_one_cm":257261,"minecraft:walk_one_cm":244368,"minecraft:damage_taken":1988,"minecraft:damage_absorbed":25,"minecraft:drop":14,"minecraft:damage_dealt":4932,"tombstone:cast_on_ally":0,"minecraft:talked_to_villager":2,"minecraft:swim_one_cm":48238,"minecraft:fly_one_cm":304256,"minecraft:open_chest":37,"minecraft:crouch_one_cm":46884,"minecraft:play_time":88144,"tombstone:undead_killed":4,"minecraft:deaths":4,"minecraft:sneak_time":7509,"minecraft:walk_under_water_one_cm":5274,"minecraft:jump":1181,"minecraft:walk_on_water_one_cm":20018,"minecraft:interact_with_smoker":1,"minecraft:total_world_time":88144,"minecraft:fall_one_cm":31695}},"DataVersion":3465}