{"stats":{"minecraft:picked_up":{"minecraft:crafting_table":1,"goblins_tyranny:mug":38,"minecraft:enchanted_book":2,"tombstone:scroll_of_preservation":1,"minecraft:stone_brick_stairs":1,"minecraft:string":4,"iceandfire:manuscript":6,"paraglider:goddess_statue":1,"minecraft:cracked_stone_bricks":6,"illusion_onslaught:mana_potion":5,"minecraft:spruce_planks":15,"goblins_tyranny:fire_bomb":5,"minecraft:chest":1,"minecraft:birch_sapling":1,"alekiships:cleat":5,"minecraft:stick":4,"minecraft:raw_iron":22,"iceandfire:ghost_chest":1,"luminousworld:blue_petunias":1,"tombstone:grave_dust":1,"minecraft:brown_carpet":3,"irons_spellbooks:alchemist_cauldron":1,"minecraft:dark_oak_planks":89,"goblins_tyranny:goblins_meat":1,"minecraft:stone_sword":1,"luminousworld:decorative_brown_mushroom_1":2,"iceandfire:silver_ingot":2,"minecraft:arrow":3,"minecraft:rotten_flesh":9,"minecraft:decorated_pot":1,"minecraft:hay_block":11,"swem:alfalfa_seeds":4,"goblins_tyranny:bottles":12,"born_in_chaos_v1:spiny_shell":1,"luminousworld:far_lands":1,"minecraft:mutton":2,"minecraft:white_wool":1,"minecraft:cobblestone":82,"goblins_tyranny:bomb":2,"minecraft:birch_log":6,"swem:timothy_seeds":8,"born_in_chaos_v1:corpse_maggot":8,"minecraft:feather":2,"minecraft:andesite":2,"paraglider:spirit_orb":10,"minecraft:tuff":2,"minecraft:oak_log":10,"iceandfire:ectoplasm":2,"goblins_tyranny:mugs":2,"minecraft:dirt":55,"minecraft:white_banner":1,"minecraft:red_carpet":7,"minecraft:bone":11,"illusion_onslaught:ominous_cloth":14,"minecraft:stone_bricks":16,"minecraft:wheat_seeds":1,"swem:oat_seeds":7,"irons_spellbooks:firefly_jar":1,"minecraft:oak_planks":32,"swem:swem_horse_spawn_egg":2,"iceandfire:amphithere_feather":6,"minecraft:scaffolding":7,"goblins_tyranny:glitteron_armor":2,"alekiships:watercraft_frame_flat":13,"minecraft:stripped_spruce_log":2,"minecraft:barrel":5,"minecraft:spider_eye":20,"minecraft:polished_andesite":4,"goblins_tyranny:engineer_workbench":1,"goblins_tyranny:coin":31,"minecraft:slime_ball":2,"alekiships:watercraft_frame_angled":35,"minecraft:sunflower":1,"illusion_onslaught:cultstone_brick_stairs":1,"goblins_tyranny:gaz_bomb":11,"tombstone:magic_scroll":1,"born_in_chaos_v1:rotten_fish":2,"minecraft:hopper":4,"minecraft:coal":20,"born_in_chaos_v1:sea_terror_stomach":1,"minecraft:ender_pearl":1},"minecraft:broken":{"minecraft:stone_axe":1},"minecraft:used":{"minecraft:writable_book":2,"minecraft:iron_shovel":26,"minecraft:decorated_pot":1,"irons_spellbooks:cultist_helmet":2,"minecraft:chest":3,"minecraft:spruce_planks":17,"minecraft:shield":1,"paraglider:goddess_statue":1,"minecraft:dirt":43,"minecraft:mutton":2,"goblins_tyranny:goblin_spear":74,"minecraft:hopper":4,"minecraft:carrot":9,"irons_spellbooks:cultist_chestplate":1,"minecraft:tuff":1,"illusion_onslaught:spiritual_helmet":1,"minecraft:dark_oak_planks":80,"minecraft:birch_sapling":1,"iceandfire:ghost_chest":1,"alekiships:watercraft_frame_angled":33,"minecraft:barrel":4,"minecraft:stone_bricks":13,"epicfight:stone_greatsword":16,"minecraft:red_carpet":7,"alekiships:watercraft_frame_flat":14,"luminousworld:blue_petunias":1,"minecraft:sweet_berries":8,"minecraft:furnace":1,"alekiships:cleat":4,"tombstone:gift":5,"goblins_tyranny:mugs":2,"minecraft:potato":10,"goblins_tyranny:mug":38,"luminousworld:decorative_brown_mushroom_1":2,"minecraft:iron_leggings":1,"minecraft:cooked_mutton":13,"minecraft:water_bucket":1,"minecraft:birch_planks":2,"minecraft:stone_pickaxe":67,"minecraft:polished_andesite":2,"minecraft:oak_planks":18,"minecraft:wooden_pickaxe":11,"minecraft:leather_chestplate":1,"swem:swem_horse_spawn_egg":1,"minecraft:leather_boots":1,"minecraft:cracked_stone_bricks":4,"minecraft:white_wool":1,"minecraft:golden_apple":1,"illusion_onslaught:arcane_apple":1,"minecraft:crafting_table":8,"goblins_tyranny:blazing_liquor_item":1,"minecraft:apple":5,"illusion_onslaught:cultstone_brick_stairs":1,"minecraft:bread":18,"minecraft:iron_pickaxe":123,"minecraft:golden_leggings":1,"minecraft:stone_axe":105,"minecraft:fire_charge":1,"minecraft:cobblestone":60,"minecraft:potion":1,"minecraft:white_banner":1,"minecraft:bucket":1,"minecraft:andesite":2,"illusion_onslaught:arcaned_calcite":2,"alexsmobs:animal_dictionary":1,"minecraft:cobweb":2},"minecraft:dropped":{"swem:swem_horse_spawn_egg":2,"alekiships:watercraft_frame_flat":2,"minecraft:cobblestone":2,"paraglider:spirit_orb":2,"minecraft:stick":4,"minecraft:polished_andesite":2,"minecraft:dirt":7,"minecraft:fire_charge":1,"minecraft:string":2,"tombstone:scroll_of_preservation":1,"minecraft:stone_sword":1,"minecraft:rotten_flesh":5,"minecraft:oak_planks":20,"goblins_tyranny:glitteron_armor":1,"minecraft:spruce_planks":2,"alekiships:cleat":1,"born_in_chaos_v1:corpse_maggot":3,"minecraft:stone_bricks":3,"minecraft:wooden_pickaxe":1,"goblins_tyranny:mug":12},"minecraft:custom":{"minecraft:mob_kills":47,"minecraft:inspect_hopper":6,"minecraft:interact_with_crafting_table":37,"minecraft:open_barrel":148,"minecraft:damage_dealt_resisted":51,"minecraft:leave_game":6,"minecraft:time_since_death":93180,"minecraft:climb_one_cm":3339,"minecraft:damage_resisted":52,"minecraft:sprint_one_cm":591926,"minecraft:walk_one_cm":666708,"minecraft:damage_blocked_by_shield":30,"minecraft:drop":31,"minecraft:talked_to_villager":2,"minecraft:play_time":216558,"minecraft:sneak_time":16320,"minecraft:deaths":5,"minecraft:walk_under_water_one_cm":78917,"minecraft:interact_with_lectern":2,"minecraft:jump":2476,"minecraft:interact_with_brewingstand":4,"minecraft:walk_on_water_one_cm":36999,"minecraft:total_world_time":216558,"minecraft:interact_with_furnace":9,"tombstone:raider_killed":2,"minecraft:time_since_rest":92222,"minecraft:damage_taken":3304,"minecraft:damage_absorbed":25,"minecraft:trigger_trapped_chest":1,"minecraft:damage_dealt":9078,"tombstone:cast_on_ally":0,"minecraft:swim_one_cm":79268,"minecraft:fly_one_cm":894301,"minecraft:open_chest":132,"minecraft:crouch_one_cm":124674,"tombstone:undead_killed":13,"minecraft:inspect_dispenser":1,"minecraft:interact_with_smoker":1,"minecraft:fall_one_cm":63744,"minecraft:horse_one_cm":103},"minecraft:crafted":{"minecraft:oak_planks":10,"minecraft:iron_nugget":1,"irons_spellbooks:iron_spell_book":1,"minecraft:chain":3,"alekiships:oar":1,"minecraft:furnace":1,"swem:rivet_iron":16,"minecraft:cooked_mutton":13,"minecraft:hopper":1,"minecraft:iron_boots":1,"minecraft:stone_pickaxe":1,"minecraft:chest":3,"minecraft:wheat":11,"minecraft:crafting_table":7,"illusion_onslaught:spiritual_helmet":1,"minecraft:spruce_planks":2,"minecraft:wooden_pickaxe":1,"epicfight:stone_greatsword":1,"minecraft:birch_planks":6,"minecraft:stone_axe":1,"minecraft:bread":18,"minecraft:air":228,"minecraft:dark_oak_slab":6,"minecraft:shield":1,"minecraft:stick":13,"minecraft:iron_leggings":1,"minecraft:iron_shovel":1,"minecraft:gold_ingot":2,"illusion_onslaught:spiritual_chestplate":1,"minecraft:lapis_lazuli":1},"minecraft:killed":{"born_in_chaos_v1:door_knight_not_despawn":1,"luminousworld:swallowtail":1,"enemyexpansion:direwolf":6,"born_in_chaos_v1:maggot":2,"minecraft:skeleton":2,"illusion_onslaught:cultoliger":5,"luminousworld:treant":1,"goblins_tyranny:mini_goblin_1":1,"minecraft:drowned":1,"born_in_chaos_v1:fallen_chaos_knight":1,"born_in_chaos_v1:baby_skeleton":1,"born_in_chaos_v1:glutton_fish":1,"born_in_chaos_v1:decrepit_skeleton":2,"luminousworld:crab":1,"minecraft:sheep":1,"goblins_tyranny:mini_goblin_2":1,"born_in_chaos_v1:bloody_gadfly":1,"minecraft:pillager":2,"minecraft:zombie":4,"iceandfire:ghost":1,"goblins_tyranny:mini_goblin_3":2},"minecraft:mined":{"minecraft:dark_oak_planks":9,"minecraft:red_carpet":1,"minecraft:tuff":2,"minecraft:spruce_planks":13,"goblins_tyranny:coins_5":1,"goblins_tyranny:coins_4":2,"luminousworld:blue_petunias":1,"illusion_onslaught:cultstone_brick_stairs":1,"minecraft:jungle_leaves":1,"goblins_tyranny:mugs":10,"alekiships:wood/watercraft_frame/angled/spruce":1,"goblins_tyranny:liquor_bottles_3":2,"minecraft:grass_block":4,"minecraft:decorated_pot":1,"minecraft:deepslate_bricks":1,"luminousworld:decorative_brown_mushroom_1":2,"minecraft:hopper":4,"minecraft:spawner":5,"alekiships:watercraft_frame_angled":17,"minecraft:hay_block":11,"minecraft:iron_ore":22,"minecraft:fire":2,"minecraft:barrel":5,"goblins_tyranny:coin_barrel":2,"minecraft:andesite":2,"minecraft:stripped_spruce_log":2,"goblins_tyranny:liquor_bottles_2":2,"goblins_tyranny:mugs_2":8,"minecraft:cobblestone_slab":2,"minecraft:vine":1,"irons_spellbooks:firefly_jar":1,"minecraft:stone":56,"alekiships:wood/watercraft_frame/angled/dark_oak":17,"minecraft:tripwire":2,"goblins_tyranny:hut_window":2,"minecraft:scaffolding":4,"irons_spellbooks:alchemist_cauldron":1,"minecraft:brown_carpet":3,"alekiships:watercraft_frame_flat":4,"minecraft:crafting_table":1,"goblins_tyranny:engineer_workbench_1":1,"goblins_tyranny:liquor_bottles":2,"iceandfire:ghost_chest":1,"minecraft:chest":1,"minecraft:white_stained_glass_pane":1,"minecraft:cobblestone":33,"illusion_onslaught:cultstone":1,"minecraft:oak_planks":11,"minecraft:birch_log":6,"minecraft:birch_leaves":9,"minecraft:stone_brick_stairs":2,"minecraft:grass":58,"minecraft:oak_log":10,"minecraft:coal_ore":20,"minecraft:sunflower":3,"minecraft:dirt":44,"luminousworld:grassvariant_3":1,"minecraft:cracked_stone_bricks":7,"minecraft:polished_andesite":3,"minecraft:stone_bricks":15,"alekiships:wood/watercraft_frame/flat/dark_oak":8,"luminousworld:elephant_grass":2,"minecraft:oak_leaves":4,"minecraft:fern":1,"paraglider:goddess_statue":1}},"DataVersion":3465}