{"stats":{"minecraft:picked_up":{"minecraft:wheat":38,"goblins_tyranny:mug":38,"minecraft:enchanted_book":2,"minecraft:stone_brick_stairs":1,"iceandfire:manuscript":6,"paraglider:goddess_statue":1,"minecraft:string":14,"minecraft:red_candle":5,"goblins_tyranny:engineer_scrap":2,"illusion_onslaught:mana_potion":5,"minecraft:spruce_planks":15,"goblins_tyranny:bear_hide":9,"minecraft:cobblestone_slab":2,"goblins_tyranny:fire_bomb":5,"minecraft:mangrove_log":2,"minecraft:tipped_arrow":1,"minecraft:stick":5,"iceandfire:ghost_chest":1,"born_in_chaos_v1:pileof_dark_metal":2,"epicfight:skillbook":1,"tombstone:grave_dust":3,"minecraft:brown_carpet":3,"minecraft:stone_sword":1,"minecraft:rotten_flesh":20,"goblins_tyranny:shaman_skull":1,"farmersdelight:onion":10,"minecraft:carved_pumpkin":1,"minecraft:mangrove_roots":1,"luminousworld:far_lands":1,"minecraft:cod":1,"minecraft:cobblestone":85,"goblins_tyranny:bomb":2,"minecraft:birch_log":6,"illusion_onslaught:cultstone_bricks":4,"epicfight:stone_spear":1,"minecraft:feather":3,"minecraft:andesite":2,"swem:star_worm":10,"paraglider:spirit_orb":24,"minecraft:tuff":2,"born_in_chaos_v1:black_argillite_button":1,"goblins_tyranny:mugs":2,"minecraft:lapis_lazuli":1,"minecraft:dirt":63,"minecraft:bone":19,"illusion_onslaught:ominous_cloth":14,"minecraft:wheat_seeds":92,"luminousworld:elephant_grass":1,"illusion_onslaught:patterned_cultstone":4,"swem:oat_seeds":12,"minecraft:oak_planks":32,"irons_spellbooks:firefly_jar":1,"swem:swem_horse_spawn_egg":2,"iceandfire:amphithere_feather":6,"irons_spellbooks:frozen_bone":13,"minecraft:sand":1,"minecraft:stripped_spruce_log":2,"minecraft:barrel":5,"minecraft:mossy_cobblestone":1,"minecraft:polished_andesite":4,"born_in_chaos_v1:fire_dust":3,"luminousworld:king_crab_plaque":1,"born_in_chaos_v1:rotten_fish":3,"born_in_chaos_v1:sea_terror_stomach":1,"luminousworld:groundpebbles_1":1,"minecraft:crafting_table":1,"minecraft:allium":29,"minecraft:chicken":1,"illusion_onslaught:chiseled_cultstone":1,"tombstone:scroll_of_preservation":1,"born_in_chaos_v1:fired_black_argillite":2,"epicfight:stray_pants":1,"epicfight:stray_hat":1,"minecraft:cracked_stone_bricks":9,"born_in_chaos_v1:gnawed_bones":2,"minecraft:light_gray_wool":1,"minecraft:birch_sapling":1,"minecraft:sugar_cane":2,"minecraft:chest":1,"alekiships:cleat":5,"minecraft:raw_iron":22,"luminousworld:blue_petunias":1,"minecraft:fire_charge":1,"minecraft:carrot":7,"minecraft:dark_oak_planks":89,"irons_spellbooks:alchemist_cauldron":1,"goblins_tyranny:goblins_meat":2,"luminousworld:decorative_brown_mushroom_1":2,"iceandfire:silver_ingot":2,"minecraft:arrow":18,"minecraft:decorated_pot":1,"minecraft:hay_block":15,"swem:alfalfa_seeds":7,"goblins_tyranny:bottles":17,"born_in_chaos_v1:spiny_shell":3,"goblins_tyranny:cow_hide":3,"minecraft:mutton":13,"minecraft:white_wool":5,"illusion_onslaught:cracked_cultstone_bricks":4,"born_in_chaos_v1:corpse_maggot":10,"swem:timothy_seeds":14,"born_in_chaos_v1:black_argillite_column_slab":1,"minecraft:glow_ink_sac":2,"minecraft:oak_log":10,"iceandfire:ectoplasm":3,"minecraft:gunpowder":2,"minecraft:white_banner":1,"minecraft:cooked_mutton":5,"minecraft:red_carpet":7,"minecraft:stone_bricks":22,"minecraft:iron_ingot":1,"tombstone:bag_of_seeds":1,"minecraft:scaffolding":7,"goblins_tyranny:glitteron_armor":2,"alekiships:watercraft_frame_flat":13,"born_in_chaos_v1:ethereal_spirit":1,"minecraft:spider_eye":21,"swem:poop":2,"swem:worm_spawn_egg":1,"minecraft:slime_ball":2,"goblins_tyranny:coin":63,"alekiships:watercraft_frame_angled":35,"goblins_tyranny:engineer_workbench":1,"minecraft:painting":1,"minecraft:gray_wool":1,"illusion_onslaught:cultstone_brick_stairs":2,"born_in_chaos_v1:tombstone_dark_titan_066":6,"tombstone:magic_scroll":1,"goblins_tyranny:gaz_bomb":11,"minecraft:baked_potato":1,"minecraft:hopper":4,"minecraft:coal":20,"illusion_onslaught:cultstone":9,"minecraft:ender_pearl":1,"minecraft:sunflower":1},"minecraft:broken":{"minecraft:stone_axe":1},"minecraft:used":{"minecraft:writable_book":2,"illusion_onslaught:cultstone_bricks":1,"minecraft:iron_shovel":26,"minecraft:decorated_pot":1,"minecraft:chest":3,"minecraft:shield":38,"goblins_tyranny:shaman_skull":1,"paraglider:goddess_statue":1,"minecraft:mutton":4,"epicfight:stray_hat":1,"goblins_tyranny:goblin_spear":155,"goblins_tyranny:bottles":4,"minecraft:carrot":18,"irons_spellbooks:cultist_chestplate":1,"minecraft:tuff":1,"born_in_chaos_v1:smoked_flesh":14,"minecraft:birch_sapling":1,"iceandfire:ghost_chest":1,"luminousworld:elephant_grass":1,"alekiships:watercraft_frame_angled":33,"minecraft:stone_bricks":19,"minecraft:red_carpet":7,"born_in_chaos_v1:fired_black_argillite":2,"alekiships:watercraft_frame_flat":14,"minecraft:sweet_berries":8,"minecraft:mangrove_roots":1,"minecraft:furnace":1,"alekiships:cleat":4,"goblins_tyranny:bear_hide":9,"minecraft:potato":10,"luminousworld:decorative_brown_mushroom_1":2,"minecraft:stone_pickaxe":67,"minecraft:oak_planks":18,"minecraft:wooden_pickaxe":11,"minecraft:leather_chestplate":1,"minecraft:white_wool":5,"minecraft:golden_apple":1,"minecraft:sand":1,"goblins_tyranny:blazing_liquor_item":1,"illusion_onslaught:cracked_cultstone_bricks":1,"minecraft:bread":29,"minecraft:fire_charge":1,"minecraft:andesite":2,"minecraft:cobweb":2,"minecraft:carved_pumpkin":1,"illusion_onslaught:cultstone":1,"irons_spellbooks:cultist_helmet":2,"minecraft:spruce_planks":19,"minecraft:dirt":48,"minecraft:hopper":4,"illusion_onslaught:spiritual_helmet":1,"minecraft:dark_oak_planks":82,"epicfight:stone_greatsword":16,"minecraft:barrel":4,"illusion_onslaught:chiseled_cultstone":1,"goblins_tyranny:goblins_meat":1,"luminousworld:blue_petunias":1,"tombstone:gift":5,"goblins_tyranny:mugs":2,"goblins_tyranny:mug":38,"minecraft:iron_leggings":1,"minecraft:cooked_mutton":18,"minecraft:water_bucket":1,"minecraft:birch_planks":2,"minecraft:glass_bottle":1,"minecraft:polished_andesite":2,"minecraft:baked_potato":10,"swem:swem_horse_spawn_egg":2,"minecraft:cobblestone_slab":2,"minecraft:leather_boots":1,"minecraft:cracked_stone_bricks":7,"minecraft:mossy_cobblestone":1,"farmersdelight:onion":15,"minecraft:crafting_table":8,"illusion_onslaught:arcane_apple":1,"minecraft:apple":5,"illusion_onslaught:cultstone_brick_stairs":2,"minecraft:iron_pickaxe":230,"swem:worm_spawn_egg":2,"minecraft:golden_leggings":1,"minecraft:stone_axe":105,"minecraft:cobblestone":63,"minecraft:potion":3,"minecraft:white_banner":1,"born_in_chaos_v1:tombstone_dark_titan_066":5,"minecraft:bucket":1,"illusion_onslaught:arcaned_calcite":2,"alexsmobs:animal_dictionary":1,"minecraft:gray_wool":1},"minecraft:dropped":{"alekiships:watercraft_frame_flat":2,"iceandfire:ectoplasm":1,"paraglider:spirit_orb":2,"minecraft:dirt":7,"minecraft:mutton":6,"swem:poop":1,"tombstone:scroll_of_preservation":1,"swem:oat_seeds":2,"minecraft:bone":1,"swem:worm_spawn_egg":1,"minecraft:wheat":1,"swem:alfalfa_seeds":3,"minecraft:rotten_flesh":6,"minecraft:oak_planks":20,"goblins_tyranny:glitteron_armor":1,"swem:timothy_seeds":3,"alekiships:cleat":1,"born_in_chaos_v1:corpse_maggot":3,"swem:swem_horse_spawn_egg":2,"minecraft:feather":1,"minecraft:cobblestone":2,"minecraft:polished_andesite":2,"minecraft:stick":4,"minecraft:fire_charge":1,"minecraft:string":2,"minecraft:stone_sword":1,"minecraft:spruce_planks":2,"minecraft:stone_bricks":3,"minecraft:wooden_pickaxe":1,"goblins_tyranny:mug":12},"minecraft:custom":{"minecraft:interact_with_crafting_table":38,"minecraft:open_barrel":163,"minecraft:leave_game":7,"minecraft:time_since_death":59830,"minecraft:damage_resisted":52,"minecraft:sprint_one_cm":1087970,"minecraft:damage_blocked_by_shield":525,"minecraft:drop":45,"minecraft:talked_to_villager":2,"minecraft:play_time":345825,"minecraft:deaths":7,"minecraft:jump":5120,"minecraft:interact_with_brewingstand":6,"minecraft:walk_on_water_one_cm":73195,"minecraft:interact_with_furnace":9,"minecraft:damage_dealt":13617,"minecraft:crouch_one_cm":148606,"tombstone:undead_killed":37,"minecraft:interact_with_smoker":1,"minecraft:inspect_dispenser":1,"minecraft:horse_one_cm":111,"minecraft:mob_kills":120,"minecraft:inspect_hopper":6,"minecraft:damage_dealt_resisted":51,"minecraft:climb_one_cm":4879,"minecraft:walk_one_cm":1065855,"minecraft:sneak_time":19951,"minecraft:walk_under_water_one_cm":93182,"minecraft:interact_with_lectern":2,"minecraft:total_world_time":345825,"tombstone:raider_killed":2,"minecraft:time_since_rest":59779,"minecraft:damage_taken":5582,"minecraft:damage_absorbed":25,"minecraft:trigger_trapped_chest":1,"tombstone:cast_on_ally":0,"minecraft:swim_one_cm":167746,"minecraft:fly_one_cm":2026421,"minecraft:open_chest":163,"minecraft:fall_one_cm":129904},"minecraft:crafted":{"minecraft:oak_planks":10,"irons_spellbooks:iron_spell_book":1,"minecraft:chain":3,"swem:rivet_iron":16,"minecraft:cooked_mutton":13,"minecraft:hopper":1,"minecraft:iron_boots":1,"minecraft:chest":3,"minecraft:crafting_table":7,"minecraft:spruce_planks":2,"illusion_onslaught:spiritual_helmet":1,"minecraft:wooden_pickaxe":1,"minecraft:birch_planks":6,"minecraft:dark_oak_slab":6,"minecraft:shield":1,"minecraft:stick":13,"minecraft:gold_ingot":2,"illusion_onslaught:spiritual_chestplate":1,"minecraft:iron_nugget":1,"alekiships:oar":1,"minecraft:furnace":1,"minecraft:stone_pickaxe":1,"minecraft:wheat":15,"epicfight:stone_greatsword":1,"minecraft:stone_axe":1,"minecraft:bread":82,"minecraft:air":328,"minecraft:iron_shovel":1,"minecraft:iron_leggings":1,"minecraft:lapis_lazuli":1},"minecraft:killed_by":{"alexsmobs:elephant":1},"minecraft:killed":{"minecraft:cave_spider":3,"born_in_chaos_v1:zombie_lumberjack":1,"born_in_chaos_v1:door_knight_not_despawn":1,"born_in_chaos_v1:pumpkin_spirit":1,"minecraft:spider":4,"luminousworld:king_crab":1,"minecraft:skeleton":3,"illusion_onslaught:cultoliger":5,"minecraft:chicken":1,"born_in_chaos_v1:firelight_not_despawn":3,"goblins_tyranny:grobot":1,"born_in_chaos_v1:glutton_fish":1,"minecraft:creeper":1,"luminousworld:crab":2,"goblins_tyranny:goblin_huntsman":1,"goblins_tyranny:mini_goblin_2":2,"minecraft:sheep":4,"minecraft:pillager":2,"minecraft:zombie":8,"born_in_chaos_v1:dread_hound":1,"goblins_tyranny:mini_goblin_3":4,"minecraft:stray":7,"swem:wormieboi":2,"minecraft:vex":1,"goblins_tyranny:leader_goblin":2,"luminousworld:sand_crab":2,"goblins_tyranny:shaman_goblin":1,"luminousworld:swallowtail":1,"luminousworld:sunken_skeleton":3,"enemyexpansion:direwolf":6,"born_in_chaos_v1:maggot":7,"luminousworld:treant":1,"goblins_tyranny:mini_goblin_1":3,"minecraft:drowned":4,"goblins_tyranny:champion_goblin":1,"luminousworld:savannah_zombie":1,"goblins_tyranny:goblin_hunter":2,"born_in_chaos_v1:barrel_zombie":2,"born_in_chaos_v1:fallen_chaos_knight":1,"born_in_chaos_v1:baby_skeleton":1,"born_in_chaos_v1:decrepit_skeleton":2,"born_in_chaos_v1:bloody_gadfly":1,"iceandfire:ghost":4,"goblins_tyranny:engineeress_goblin":1,"enemyexpansion:huntsman":2},"minecraft:mined":{"minecraft:dark_oak_planks":9,"minecraft:spruce_planks":13,"illusion_onslaught:cultstone_brick_stairs":2,"minecraft:jungle_leaves":1,"goblins_tyranny:mugs":10,"minecraft:grass_block":5,"illusion_onslaught:patterned_cultstone":4,"minecraft:deepslate_bricks":1,"minecraft:hopper":4,"luminousworld:savanna_grass_2":1,"minecraft:spawner":12,"alekiships:watercraft_frame_angled":17,"goblins_tyranny:goblin_podzol":1,"minecraft:iron_ore":22,"minecraft:fire":5,"minecraft:barrel":6,"goblins_tyranny:coin_barrel":4,"alekiships:wood/watercraft_frame/angled/dark_oak":17,"minecraft:tripwire":2,"irons_spellbooks:alchemist_cauldron":1,"alekiships:watercraft_frame_flat":4,"goblins_tyranny:liquor_bottles":2,"iceandfire:ghost_chest":1,"minecraft:chest":1,"minecraft:white_stained_glass_pane":1,"born_in_chaos_v1:black_argillite_column_slab":1,"swem:star_worm_cobble":3,"minecraft:cobblestone":33,"illusion_onslaught:cultstone":10,"minecraft:oak_planks":11,"illusion_onslaught:cultstone_bricks":4,"minecraft:seagrass":1,"minecraft:red_candle":2,"born_in_chaos_v1:tombstone_dark_titan_066":6,"minecraft:birch_log":6,"minecraft:wheat":35,"born_in_chaos_v1:fired_black_argillite":2,"minecraft:stone_brick_stairs":2,"minecraft:grass":97,"minecraft:oak_log":10,"goblins_tyranny:coins_2":1,"illusion_onslaught:chiseled_cultstone":1,"minecraft:sand":1,"minecraft:dirt":47,"luminousworld:grassvariant_3":3,"alekiships:wood/watercraft_frame/flat/dark_oak":8,"minecraft:oak_leaves":4,"luminousworld:groundpebbles_1":1,"minecraft:red_carpet":1,"minecraft:tuff":2,"minecraft:mossy_cobblestone":1,"goblins_tyranny:coins_5":1,"goblins_tyranny:coins_4":3,"luminousworld:blue_petunias":1,"farmersdelight:wild_carrots":7,"minecraft:mangrove_roots":1,"alekiships:wood/watercraft_frame/angled/spruce":1,"goblins_tyranny:liquor_bottles_3":3,"goblins_tyranny:coins_1":2,"minecraft:allium":11,"minecraft:decorated_pot":1,"goblins_tyranny:coins_3":2,"luminousworld:grassvariant_2":4,"luminousworld:decorative_brown_mushroom_1":2,"minecraft:moss_block":1,"born_in_chaos_v1:gnawed_bones":1,"minecraft:rooted_dirt":1,"minecraft:hay_block":14,"farmersdelight:wild_onions":10,"illusion_onslaught:cracked_cultstone_bricks":4,"minecraft:andesite":2,"minecraft:stripped_spruce_log":2,"goblins_tyranny:liquor_bottles_2":3,"goblins_tyranny:mugs_2":8,"minecraft:cobblestone_slab":3,"minecraft:vine":1,"irons_spellbooks:firefly_jar":1,"minecraft:stone":61,"goblins_tyranny:hut_window":2,"illusion_onslaught:enchanted_cultstone":4,"minecraft:scaffolding":4,"minecraft:brown_carpet":3,"minecraft:crafting_table":1,"goblins_tyranny:engineer_workbench_1":1,"minecraft:tall_grass":3,"born_in_chaos_v1:chipped_black_argillite_brick":2,"minecraft:birch_leaves":9,"minecraft:coal_ore":20,"minecraft:sunflower":3,"born_in_chaos_v1:rotten_soil":3,"minecraft:cobweb":1,"minecraft:cracked_stone_bricks":12,"minecraft:polished_andesite":3,"minecraft:stone_bricks":21,"luminousworld:elephant_grass":3,"minecraft:fern":1,"paraglider:goddess_statue":1}},"DataVersion":3465}