{"stats":{"minecraft:dropped":{"minecraft:cobblestone":2,"minecraft:rotten_flesh":2,"minecraft:oak_planks":20,"minecraft:stick":2,"minecraft:dirt":7,"goblins_tyranny:glitteron_armor":1,"minecraft:wooden_pickaxe":1,"tombstone:scroll_of_preservation":1,"goblins_tyranny:mug":12},"minecraft:killed":{"born_in_chaos_v1:door_knight_not_despawn":1,"born_in_chaos_v1:decrepit_skeleton":2,"goblins_tyranny:mini_goblin_2":1,"illusion_onslaught:cultoliger":5,"luminousworld:treant":1},"minecraft:crafted":{"minecraft:oak_planks":10,"minecraft:crafting_table":4,"minecraft:wooden_pickaxe":1,"epicfight:stone_greatsword":1,"minecraft:birch_planks":6,"minecraft:stone_axe":1,"minecraft:air":84,"minecraft:stick":5,"minecraft:stone_pickaxe":1,"minecraft:chest":1,"minecraft:lapis_lazuli":1},"minecraft:mined":{"goblins_tyranny:hut_window":2,"luminousworld:blue_petunias":1,"illusion_onslaught:cultstone_brick_stairs":1,"goblins_tyranny:mugs":1,"minecraft:crafting_table":1,"minecraft:grass_block":2,"luminousworld:decorative_brown_mushroom_1":2,"minecraft:cobblestone":5,"minecraft:oak_planks":10,"minecraft:spawner":4,"minecraft:birch_log":6,"minecraft:iron_ore":6,"minecraft:birch_leaves":9,"goblins_tyranny:mugs_2":1,"minecraft:grass":1,"minecraft:oak_log":10,"minecraft:dirt":10,"luminousworld:grassvariant_3":1,"minecraft:stone":27,"luminousworld:elephant_grass":2,"minecraft:oak_leaves":4},"minecraft:used":{"minecraft:birch_planks":2,"minecraft:stone_pickaxe":43,"minecraft:oak_planks":17,"irons_spellbooks:cultist_helmet":1,"minecraft:chest":1,"minecraft:leather_chestplate":1,"minecraft:wooden_pickaxe":11,"minecraft:leather_boots":1,"minecraft:golden_apple":1,"minecraft:dirt":11,"minecraft:crafting_table":5,"goblins_tyranny:blazing_liquor_item":1,"minecraft:carrot":9,"illusion_onslaught:cultstone_brick_stairs":1,"minecraft:bread":5,"minecraft:birch_sapling":1,"epicfight:stone_greatsword":16,"minecraft:stone_axe":57,"minecraft:cobblestone":19,"luminousworld:blue_petunias":1,"illusion_onslaught:arcaned_calcite":2,"tombstone:gift":2,"alexsmobs:animal_dictionary":1,"goblins_tyranny:mug":1,"luminousworld:decorative_brown_mushroom_1":2},"minecraft:picked_up":{"goblins_tyranny:bomb":2,"minecraft:birch_log":6,"minecraft:crafting_table":1,"goblins_tyranny:mug":15,"paraglider:spirit_orb":8,"tombstone:scroll_of_preservation":1,"minecraft:oak_log":10,"minecraft:dirt":18,"minecraft:bone":3,"illusion_onslaught:ominous_cloth":14,"illusion_onslaught:mana_potion":5,"goblins_tyranny:fire_bomb":3,"minecraft:birch_sapling":1,"minecraft:oak_planks":30,"goblins_tyranny:glitteron_armor":2,"minecraft:stick":2,"minecraft:raw_iron":6,"luminousworld:blue_petunias":1,"luminousworld:decorative_brown_mushroom_1":2,"minecraft:rotten_flesh":2,"illusion_onslaught:cultstone_brick_stairs":1,"goblins_tyranny:gaz_bomb":6,"luminousworld:far_lands":1,"minecraft:cobblestone":34},"minecraft:custom":{"minecraft:mob_kills":10,"minecraft:interact_with_crafting_table":11,"minecraft:open_barrel":20,"minecraft:damage_dealt_resisted":51,"minecraft:leave_game":3,"minecraft:time_since_death":25361,"minecraft:time_since_rest":23521,"minecraft:sprint_one_cm":183963,"minecraft:walk_one_cm":172948,"minecraft:damage_taken":1648,"minecraft:damage_absorbed":25,"minecraft:drop":14,"minecraft:damage_dealt":4262,"tombstone:cast_on_ally":0,"minecraft:swim_one_cm":11030,"minecraft:fly_one_cm":199650,"minecraft:open_chest":23,"minecraft:crouch_one_cm":40224,"minecraft:play_time":60652,"tombstone:undead_killed":3,"minecraft:deaths":4,"minecraft:sneak_time":6177,"minecraft:walk_under_water_one_cm":725,"minecraft:jump":776,"minecraft:walk_on_water_one_cm":6865,"minecraft:total_world_time":60652,"minecraft:fall_one_cm":22988}},"DataVersion":3465}