{"stats":{"minecraft:killed":{"illusion_onslaught:cultoliger":5},"minecraft:crafted":{"minecraft:oak_planks":10,"minecraft:crafting_table":3,"minecraft:stick":5,"minecraft:wooden_pickaxe":1,"minecraft:stone_pickaxe":1,"epicfight:stone_greatsword":1,"minecraft:birch_planks":6,"minecraft:stone_axe":1,"minecraft:air":74},"minecraft:mined":{"minecraft:birch_log":6,"luminousworld:blue_petunias":1,"illusion_onslaught:cultstone_brick_stairs":1,"minecraft:birch_leaves":9,"minecraft:crafting_table":1,"minecraft:oak_log":10,"minecraft:grass_block":2,"minecraft:dirt":2,"luminousworld:grassvariant_3":1,"minecraft:cobblestone":4,"luminousworld:decorative_brown_mushroom_1":2,"minecraft:stone":22,"minecraft:oak_leaves":2},"minecraft:used":{"illusion_onslaught:cultstone_brick_stairs":1,"minecraft:birch_planks":2,"minecraft:stone_pickaxe":21,"minecraft:birch_sapling":1,"minecraft:wooden_pickaxe":11,"epicfight:stone_greatsword":16,"minecraft:stone_axe":17,"minecraft:dirt":4,"minecraft:cobblestone":11,"luminousworld:blue_petunias":1,"minecraft:crafting_table":4,"tombstone:gift":2,"alexsmobs:animal_dictionary":1,"luminousworld:decorative_brown_mushroom_1":2},"minecraft:picked_up":{"minecraft:birch_log":6,"minecraft:crafting_table":1,"luminousworld:blue_petunias":1,"minecraft:oak_log":10,"minecraft:dirt":4,"luminousworld:decorative_brown_mushroom_1":2,"illusion_onslaught:ominous_cloth":14,"illusion_onslaught:mana_potion":5,"illusion_onslaught:cultstone_brick_stairs":1,"minecraft:birch_sapling":1,"minecraft:cobblestone":26},"minecraft:custom":{"minecraft:time_since_rest":1,"minecraft:sprint_one_cm":93106,"minecraft:damage_taken":1020,"minecraft:walk_one_cm":98811,"minecraft:mob_kills":5,"minecraft:damage_dealt":1907,"minecraft:swim_one_cm":2238,"minecraft:interact_with_crafting_table":9,"minecraft:fly_one_cm":101733,"minecraft:open_chest":5,"minecraft:crouch_one_cm":4168,"minecraft:play_time":36652,"minecraft:deaths":4,"minecraft:sneak_time":933,"minecraft:walk_under_water_one_cm":549,"minecraft:damage_dealt_resisted":51,"minecraft:jump":424,"minecraft:walk_on_water_one_cm":6339,"minecraft:leave_game":3,"minecraft:time_since_death":1361,"minecraft:total_world_time":36652,"minecraft:fall_one_cm":10295}},"DataVersion":3465}