{"stats":{"minecraft:picked_up":{"minecraft:crafting_table":1,"goblins_tyranny:mug":15,"minecraft:enchanted_book":2,"tombstone:scroll_of_preservation":1,"minecraft:stone_brick_stairs":1,"iceandfire:manuscript":6,"paraglider:goddess_statue":1,"minecraft:cracked_stone_bricks":4,"illusion_onslaught:mana_potion":5,"minecraft:spruce_planks":6,"goblins_tyranny:fire_bomb":5,"minecraft:chest":1,"minecraft:birch_sapling":1,"alekiships:cleat":5,"minecraft:stick":4,"minecraft:raw_iron":22,"iceandfire:ghost_chest":1,"luminousworld:blue_petunias":1,"tombstone:grave_dust":1,"minecraft:dark_oak_planks":85,"goblins_tyranny:goblins_meat":1,"minecraft:stone_sword":1,"luminousworld:decorative_brown_mushroom_1":2,"iceandfire:silver_ingot":2,"minecraft:arrow":3,"minecraft:rotten_flesh":9,"born_in_chaos_v1:spiny_shell":1,"luminousworld:far_lands":1,"minecraft:mutton":2,"minecraft:white_wool":1,"minecraft:cobblestone":81,"goblins_tyranny:bomb":2,"minecraft:birch_log":6,"born_in_chaos_v1:corpse_maggot":8,"minecraft:feather":2,"minecraft:andesite":2,"paraglider:spirit_orb":10,"minecraft:tuff":2,"minecraft:oak_log":10,"iceandfire:ectoplasm":2,"minecraft:dirt":54,"minecraft:red_carpet":7,"minecraft:bone":11,"illusion_onslaught:ominous_cloth":14,"minecraft:stone_bricks":12,"minecraft:wheat_seeds":1,"minecraft:oak_planks":32,"iceandfire:amphithere_feather":6,"minecraft:scaffolding":7,"goblins_tyranny:glitteron_armor":2,"alekiships:watercraft_frame_flat":13,"minecraft:stripped_spruce_log":2,"minecraft:barrel":4,"minecraft:spider_eye":20,"minecraft:polished_andesite":4,"minecraft:slime_ball":2,"alekiships:watercraft_frame_angled":35,"illusion_onslaught:cultstone_brick_stairs":1,"goblins_tyranny:gaz_bomb":11,"tombstone:magic_scroll":1,"born_in_chaos_v1:rotten_fish":2,"minecraft:hopper":4,"minecraft:coal":20,"born_in_chaos_v1:sea_terror_stomach":1,"minecraft:ender_pearl":1},"minecraft:used":{"minecraft:writable_book":2,"minecraft:iron_shovel":26,"irons_spellbooks:cultist_helmet":2,"minecraft:chest":3,"minecraft:spruce_planks":12,"paraglider:goddess_statue":1,"minecraft:dirt":42,"minecraft:mutton":2,"goblins_tyranny:goblin_spear":67,"minecraft:hopper":4,"minecraft:carrot":9,"minecraft:tuff":1,"illusion_onslaught:spiritual_helmet":1,"minecraft:dark_oak_planks":10,"minecraft:birch_sapling":1,"iceandfire:ghost_chest":1,"alekiships:watercraft_frame_angled":33,"minecraft:barrel":1,"minecraft:stone_bricks":9,"epicfight:stone_greatsword":16,"minecraft:red_carpet":7,"alekiships:watercraft_frame_flat":14,"luminousworld:blue_petunias":1,"minecraft:sweet_berries":8,"minecraft:furnace":1,"alekiships:cleat":4,"tombstone:gift":5,"minecraft:potato":10,"goblins_tyranny:mug":3,"luminousworld:decorative_brown_mushroom_1":2,"minecraft:cooked_mutton":13,"minecraft:water_bucket":1,"minecraft:birch_planks":2,"minecraft:stone_pickaxe":67,"minecraft:polished_andesite":2,"minecraft:oak_planks":18,"minecraft:wooden_pickaxe":11,"minecraft:leather_chestplate":1,"minecraft:leather_boots":1,"minecraft:cracked_stone_bricks":2,"minecraft:white_wool":1,"minecraft:golden_apple":1,"illusion_onslaught:arcane_apple":1,"minecraft:crafting_table":8,"goblins_tyranny:blazing_liquor_item":1,"minecraft:apple":1,"illusion_onslaught:cultstone_brick_stairs":1,"minecraft:bread":5,"minecraft:iron_pickaxe":114,"minecraft:golden_leggings":1,"minecraft:stone_axe":86,"minecraft:fire_charge":1,"minecraft:cobblestone":59,"minecraft:potion":1,"minecraft:bucket":1,"minecraft:andesite":2,"illusion_onslaught:arcaned_calcite":2,"alexsmobs:animal_dictionary":1,"minecraft:cobweb":1},"minecraft:dropped":{"alekiships:watercraft_frame_flat":2,"minecraft:cobblestone":2,"paraglider:spirit_orb":2,"minecraft:stick":4,"minecraft:polished_andesite":2,"minecraft:dirt":7,"minecraft:fire_charge":1,"tombstone:scroll_of_preservation":1,"minecraft:stone_sword":1,"minecraft:rotten_flesh":5,"minecraft:oak_planks":20,"goblins_tyranny:glitteron_armor":1,"minecraft:spruce_planks":2,"alekiships:cleat":1,"born_in_chaos_v1:corpse_maggot":3,"minecraft:stone_bricks":3,"minecraft:wooden_pickaxe":1,"goblins_tyranny:mug":12},"minecraft:custom":{"minecraft:mob_kills":42,"minecraft:inspect_hopper":6,"minecraft:interact_with_crafting_table":26,"minecraft:open_barrel":91,"minecraft:damage_dealt_resisted":51,"minecraft:leave_game":6,"minecraft:time_since_death":33180,"minecraft:climb_one_cm":1539,"minecraft:sprint_one_cm":396555,"minecraft:walk_one_cm":495340,"minecraft:drop":27,"minecraft:talked_to_villager":2,"minecraft:play_time":156558,"minecraft:sneak_time":12051,"minecraft:deaths":5,"minecraft:walk_under_water_one_cm":71792,"minecraft:interact_with_lectern":2,"minecraft:jump":1968,"minecraft:walk_on_water_one_cm":33167,"minecraft:total_world_time":156558,"minecraft:interact_with_furnace":9,"minecraft:time_since_rest":32222,"minecraft:damage_taken":2932,"minecraft:damage_absorbed":25,"minecraft:trigger_trapped_chest":1,"minecraft:damage_dealt":8612,"tombstone:cast_on_ally":0,"minecraft:swim_one_cm":76841,"minecraft:fly_one_cm":737812,"minecraft:open_chest":73,"minecraft:crouch_one_cm":91141,"tombstone:undead_killed":12,"minecraft:interact_with_smoker":1,"minecraft:fall_one_cm":53965},"minecraft:crafted":{"minecraft:oak_planks":10,"alekiships:oar":1,"minecraft:furnace":1,"minecraft:cooked_mutton":13,"minecraft:hopper":1,"minecraft:stone_pickaxe":1,"minecraft:chest":3,"minecraft:crafting_table":7,"illusion_onslaught:spiritual_helmet":1,"minecraft:spruce_planks":2,"minecraft:wooden_pickaxe":1,"epicfight:stone_greatsword":1,"minecraft:birch_planks":6,"minecraft:stone_axe":1,"minecraft:air":97,"minecraft:dark_oak_slab":6,"minecraft:shield":1,"minecraft:stick":13,"minecraft:iron_shovel":1,"minecraft:gold_ingot":2,"illusion_onslaught:spiritual_chestplate":1,"minecraft:lapis_lazuli":1},"minecraft:killed":{"born_in_chaos_v1:door_knight_not_despawn":1,"luminousworld:swallowtail":1,"enemyexpansion:direwolf":6,"born_in_chaos_v1:maggot":2,"minecraft:skeleton":2,"illusion_onslaught:cultoliger":5,"luminousworld:treant":1,"born_in_chaos_v1:fallen_chaos_knight":1,"born_in_chaos_v1:baby_skeleton":1,"born_in_chaos_v1:glutton_fish":1,"born_in_chaos_v1:decrepit_skeleton":2,"luminousworld:crab":1,"minecraft:sheep":1,"goblins_tyranny:mini_goblin_2":1,"born_in_chaos_v1:bloody_gadfly":1,"minecraft:zombie":4,"iceandfire:ghost":1,"goblins_tyranny:mini_goblin_3":1},"minecraft:mined":{"minecraft:dark_oak_planks":5,"minecraft:red_carpet":1,"minecraft:tuff":2,"minecraft:spruce_planks":4,"luminousworld:blue_petunias":1,"illusion_onslaught:cultstone_brick_stairs":1,"minecraft:jungle_leaves":1,"goblins_tyranny:mugs":1,"alekiships:wood/watercraft_frame/angled/spruce":1,"minecraft:grass_block":3,"minecraft:deepslate_bricks":1,"luminousworld:decorative_brown_mushroom_1":2,"minecraft:hopper":4,"minecraft:spawner":5,"alekiships:watercraft_frame_angled":17,"minecraft:iron_ore":22,"minecraft:fire":1,"minecraft:barrel":4,"minecraft:andesite":2,"minecraft:stripped_spruce_log":2,"goblins_tyranny:mugs_2":1,"minecraft:cobblestone_slab":2,"minecraft:vine":1,"minecraft:stone":56,"alekiships:wood/watercraft_frame/angled/dark_oak":17,"goblins_tyranny:hut_window":2,"minecraft:scaffolding":4,"alekiships:watercraft_frame_flat":4,"minecraft:crafting_table":1,"iceandfire:ghost_chest":1,"minecraft:chest":1,"minecraft:white_stained_glass_pane":1,"minecraft:cobblestone":32,"illusion_onslaught:cultstone":1,"minecraft:oak_planks":11,"minecraft:birch_log":6,"minecraft:birch_leaves":9,"minecraft:stone_brick_stairs":2,"minecraft:grass":10,"minecraft:oak_log":10,"minecraft:coal_ore":20,"minecraft:sunflower":1,"minecraft:dirt":44,"luminousworld:grassvariant_3":1,"minecraft:cracked_stone_bricks":5,"minecraft:polished_andesite":3,"minecraft:stone_bricks":11,"alekiships:wood/watercraft_frame/flat/dark_oak":8,"luminousworld:elephant_grass":2,"minecraft:oak_leaves":4,"minecraft:fern":1,"paraglider:goddess_statue":1}},"DataVersion":3465}