{"stats":{"minecraft:picked_up":{"minecraft:wheat":1,"goblins_tyranny:mug":38,"minecraft:enchanted_book":2,"minecraft:stone_brick_stairs":1,"iceandfire:manuscript":6,"paraglider:goddess_statue":1,"minecraft:string":4,"illusion_onslaught:mana_potion":5,"minecraft:spruce_planks":15,"goblins_tyranny:fire_bomb":5,"minecraft:stick":5,"iceandfire:ghost_chest":1,"epicfight:skillbook":1,"tombstone:grave_dust":3,"minecraft:brown_carpet":3,"minecraft:stone_sword":1,"minecraft:rotten_flesh":17,"farmersdelight:onion":10,"minecraft:carved_pumpkin":1,"minecraft:mangrove_roots":1,"luminousworld:far_lands":1,"minecraft:cod":1,"minecraft:cobblestone":85,"goblins_tyranny:bomb":2,"minecraft:birch_log":6,"illusion_onslaught:cultstone_bricks":4,"epicfight:stone_spear":1,"minecraft:feather":3,"minecraft:andesite":2,"swem:star_worm":10,"paraglider:spirit_orb":14,"minecraft:tuff":2,"born_in_chaos_v1:black_argillite_button":1,"goblins_tyranny:mugs":2,"minecraft:lapis_lazuli":1,"minecraft:dirt":58,"minecraft:bone":14,"illusion_onslaught:ominous_cloth":14,"minecraft:wheat_seeds":5,"luminousworld:elephant_grass":1,"illusion_onslaught:patterned_cultstone":4,"swem:oat_seeds":9,"minecraft:oak_planks":32,"irons_spellbooks:firefly_jar":1,"swem:swem_horse_spawn_egg":2,"iceandfire:amphithere_feather":6,"minecraft:sand":1,"minecraft:stripped_spruce_log":2,"minecraft:barrel":5,"minecraft:mossy_cobblestone":1,"minecraft:polished_andesite":4,"born_in_chaos_v1:fire_dust":3,"luminousworld:king_crab_plaque":1,"born_in_chaos_v1:rotten_fish":3,"born_in_chaos_v1:sea_terror_stomach":1,"minecraft:crafting_table":1,"minecraft:allium":29,"minecraft:chicken":1,"illusion_onslaught:chiseled_cultstone":1,"tombstone:scroll_of_preservation":1,"minecraft:cracked_stone_bricks":6,"born_in_chaos_v1:gnawed_bones":1,"minecraft:sugar_cane":2,"minecraft:chest":1,"minecraft:birch_sapling":1,"alekiships:cleat":5,"minecraft:raw_iron":22,"luminousworld:blue_petunias":1,"minecraft:fire_charge":1,"minecraft:carrot":5,"minecraft:dark_oak_planks":89,"irons_spellbooks:alchemist_cauldron":1,"goblins_tyranny:goblins_meat":1,"luminousworld:decorative_brown_mushroom_1":2,"iceandfire:silver_ingot":2,"minecraft:arrow":9,"minecraft:decorated_pot":1,"minecraft:hay_block":11,"swem:alfalfa_seeds":7,"goblins_tyranny:bottles":15,"born_in_chaos_v1:spiny_shell":3,"minecraft:mutton":2,"minecraft:white_wool":1,"illusion_onslaught:cracked_cultstone_bricks":4,"born_in_chaos_v1:corpse_maggot":10,"swem:timothy_seeds":11,"minecraft:glow_ink_sac":2,"minecraft:oak_log":10,"iceandfire:ectoplasm":2,"minecraft:gunpowder":2,"minecraft:white_banner":1,"minecraft:red_carpet":7,"minecraft:stone_bricks":16,"tombstone:bag_of_seeds":1,"minecraft:scaffolding":7,"goblins_tyranny:glitteron_armor":2,"alekiships:watercraft_frame_flat":13,"born_in_chaos_v1:ethereal_spirit":1,"minecraft:spider_eye":20,"alekiships:watercraft_frame_angled":35,"goblins_tyranny:coin":63,"minecraft:slime_ball":2,"goblins_tyranny:engineer_workbench":1,"illusion_onslaught:cultstone_brick_stairs":2,"tombstone:magic_scroll":1,"goblins_tyranny:gaz_bomb":11,"minecraft:baked_potato":1,"minecraft:coal":20,"illusion_onslaught:cultstone":9,"minecraft:hopper":4,"minecraft:ender_pearl":1,"minecraft:sunflower":1},"minecraft:broken":{"minecraft:stone_axe":1},"minecraft:used":{"minecraft:writable_book":2,"illusion_onslaught:cultstone_bricks":1,"minecraft:iron_shovel":26,"minecraft:decorated_pot":1,"minecraft:chest":3,"minecraft:shield":1,"paraglider:goddess_statue":1,"minecraft:mutton":2,"goblins_tyranny:goblin_spear":116,"minecraft:carrot":16,"irons_spellbooks:cultist_chestplate":1,"minecraft:tuff":1,"minecraft:birch_sapling":1,"iceandfire:ghost_chest":1,"luminousworld:elephant_grass":1,"alekiships:watercraft_frame_angled":33,"minecraft:stone_bricks":13,"minecraft:red_carpet":7,"alekiships:watercraft_frame_flat":14,"minecraft:sweet_berries":8,"minecraft:mangrove_roots":1,"minecraft:furnace":1,"alekiships:cleat":4,"minecraft:potato":10,"luminousworld:decorative_brown_mushroom_1":2,"minecraft:stone_pickaxe":67,"minecraft:oak_planks":18,"minecraft:leather_chestplate":1,"minecraft:wooden_pickaxe":11,"minecraft:white_wool":1,"minecraft:golden_apple":1,"minecraft:sand":1,"goblins_tyranny:blazing_liquor_item":1,"illusion_onslaught:cracked_cultstone_bricks":1,"minecraft:bread":23,"minecraft:fire_charge":1,"minecraft:andesite":2,"minecraft:cobweb":2,"minecraft:carved_pumpkin":1,"illusion_onslaught:cultstone":1,"irons_spellbooks:cultist_helmet":2,"minecraft:spruce_planks":19,"minecraft:dirt":46,"minecraft:hopper":4,"illusion_onslaught:spiritual_helmet":1,"minecraft:dark_oak_planks":82,"epicfight:stone_greatsword":16,"minecraft:barrel":4,"illusion_onslaught:chiseled_cultstone":1,"luminousworld:blue_petunias":1,"tombstone:gift":5,"goblins_tyranny:mugs":2,"goblins_tyranny:mug":38,"minecraft:iron_leggings":1,"minecraft:cooked_mutton":13,"minecraft:water_bucket":1,"minecraft:birch_planks":2,"minecraft:polished_andesite":2,"minecraft:baked_potato":10,"swem:swem_horse_spawn_egg":1,"minecraft:leather_boots":1,"minecraft:cracked_stone_bricks":4,"minecraft:mossy_cobblestone":1,"farmersdelight:onion":3,"minecraft:crafting_table":8,"illusion_onslaught:arcane_apple":1,"minecraft:apple":5,"illusion_onslaught:cultstone_brick_stairs":2,"minecraft:iron_pickaxe":183,"minecraft:golden_leggings":1,"minecraft:stone_axe":105,"minecraft:cobblestone":63,"minecraft:potion":1,"minecraft:white_banner":1,"minecraft:bucket":1,"illusion_onslaught:arcaned_calcite":2,"alexsmobs:animal_dictionary":1},"minecraft:dropped":{"alekiships:watercraft_frame_flat":2,"paraglider:spirit_orb":2,"minecraft:dirt":7,"tombstone:scroll_of_preservation":1,"swem:oat_seeds":2,"minecraft:bone":1,"swem:alfalfa_seeds":3,"minecraft:rotten_flesh":6,"minecraft:oak_planks":20,"goblins_tyranny:glitteron_armor":1,"swem:timothy_seeds":1,"alekiships:cleat":1,"born_in_chaos_v1:corpse_maggot":3,"swem:swem_horse_spawn_egg":2,"minecraft:feather":1,"minecraft:cobblestone":2,"minecraft:polished_andesite":2,"minecraft:stick":4,"minecraft:fire_charge":1,"minecraft:string":2,"minecraft:stone_sword":1,"minecraft:spruce_planks":2,"minecraft:stone_bricks":3,"minecraft:wooden_pickaxe":1,"goblins_tyranny:mug":12},"minecraft:custom":{"minecraft:interact_with_crafting_table":37,"minecraft:open_barrel":148,"minecraft:leave_game":6,"minecraft:time_since_death":3010,"minecraft:damage_resisted":52,"minecraft:sprint_one_cm":777745,"minecraft:damage_blocked_by_shield":30,"minecraft:drop":38,"minecraft:talked_to_villager":2,"minecraft:play_time":270558,"minecraft:deaths":6,"minecraft:jump":3780,"minecraft:interact_with_brewingstand":4,"minecraft:walk_on_water_one_cm":59636,"minecraft:interact_with_furnace":9,"minecraft:damage_dealt":11541,"minecraft:crouch_one_cm":139134,"tombstone:undead_killed":23,"minecraft:interact_with_smoker":1,"minecraft:inspect_dispenser":1,"minecraft:horse_one_cm":103,"minecraft:mob_kills":73,"minecraft:inspect_hopper":6,"minecraft:damage_dealt_resisted":51,"minecraft:climb_one_cm":3339,"minecraft:walk_one_cm":760779,"minecraft:sneak_time":18089,"minecraft:walk_under_water_one_cm":87986,"minecraft:interact_with_lectern":2,"minecraft:total_world_time":270558,"tombstone:raider_killed":2,"minecraft:time_since_rest":611,"minecraft:damage_taken":4202,"minecraft:damage_absorbed":25,"minecraft:trigger_trapped_chest":1,"tombstone:cast_on_ally":0,"minecraft:swim_one_cm":100590,"minecraft:fly_one_cm":1447199,"minecraft:open_chest":150,"minecraft:fall_one_cm":95251},"minecraft:crafted":{"minecraft:oak_planks":10,"irons_spellbooks:iron_spell_book":1,"minecraft:chain":3,"swem:rivet_iron":16,"minecraft:cooked_mutton":13,"minecraft:hopper":1,"minecraft:iron_boots":1,"minecraft:chest":3,"minecraft:crafting_table":7,"minecraft:spruce_planks":2,"illusion_onslaught:spiritual_helmet":1,"minecraft:wooden_pickaxe":1,"minecraft:birch_planks":6,"minecraft:dark_oak_slab":6,"minecraft:shield":1,"minecraft:stick":13,"minecraft:gold_ingot":2,"illusion_onslaught:spiritual_chestplate":1,"minecraft:iron_nugget":1,"alekiships:oar":1,"minecraft:furnace":1,"minecraft:stone_pickaxe":1,"minecraft:wheat":11,"epicfight:stone_greatsword":1,"minecraft:stone_axe":1,"minecraft:bread":18,"minecraft:air":228,"minecraft:iron_shovel":1,"minecraft:iron_leggings":1,"minecraft:lapis_lazuli":1},"minecraft:killed_by":{"alexsmobs:elephant":1},"minecraft:killed":{"born_in_chaos_v1:door_knight_not_despawn":1,"born_in_chaos_v1:pumpkin_spirit":1,"luminousworld:king_crab":1,"minecraft:skeleton":2,"illusion_onslaught:cultoliger":5,"minecraft:chicken":1,"born_in_chaos_v1:firelight_not_despawn":3,"born_in_chaos_v1:glutton_fish":1,"luminousworld:crab":2,"goblins_tyranny:mini_goblin_2":1,"minecraft:sheep":1,"minecraft:pillager":2,"minecraft:zombie":6,"born_in_chaos_v1:dread_hound":1,"goblins_tyranny:mini_goblin_3":2,"luminousworld:sand_crab":2,"luminousworld:swallowtail":1,"luminousworld:sunken_skeleton":1,"enemyexpansion:direwolf":6,"born_in_chaos_v1:maggot":6,"luminousworld:treant":1,"goblins_tyranny:mini_goblin_1":1,"minecraft:drowned":4,"luminousworld:savannah_zombie":1,"born_in_chaos_v1:barrel_zombie":2,"born_in_chaos_v1:fallen_chaos_knight":1,"born_in_chaos_v1:baby_skeleton":1,"born_in_chaos_v1:decrepit_skeleton":2,"born_in_chaos_v1:bloody_gadfly":1,"iceandfire:ghost":1,"enemyexpansion:huntsman":2},"minecraft:mined":{"minecraft:dark_oak_planks":9,"minecraft:spruce_planks":13,"illusion_onslaught:cultstone_brick_stairs":2,"minecraft:jungle_leaves":1,"goblins_tyranny:mugs":10,"minecraft:grass_block":5,"illusion_onslaught:patterned_cultstone":4,"minecraft:deepslate_bricks":1,"minecraft:hopper":4,"luminousworld:savanna_grass_2":1,"minecraft:spawner":7,"alekiships:watercraft_frame_angled":17,"goblins_tyranny:goblin_podzol":1,"minecraft:barrel":5,"minecraft:iron_ore":22,"minecraft:fire":5,"goblins_tyranny:coin_barrel":4,"alekiships:wood/watercraft_frame/angled/dark_oak":17,"minecraft:tripwire":2,"irons_spellbooks:alchemist_cauldron":1,"alekiships:watercraft_frame_flat":4,"goblins_tyranny:liquor_bottles":2,"iceandfire:ghost_chest":1,"minecraft:chest":1,"minecraft:white_stained_glass_pane":1,"swem:star_worm_cobble":3,"minecraft:cobblestone":33,"illusion_onslaught:cultstone":10,"minecraft:oak_planks":11,"illusion_onslaught:cultstone_bricks":4,"minecraft:birch_log":6,"minecraft:wheat":1,"minecraft:stone_brick_stairs":2,"minecraft:grass":83,"minecraft:oak_log":10,"goblins_tyranny:coins_2":1,"minecraft:sand":1,"minecraft:dirt":45,"illusion_onslaught:chiseled_cultstone":1,"luminousworld:grassvariant_3":3,"alekiships:wood/watercraft_frame/flat/dark_oak":8,"minecraft:oak_leaves":4,"minecraft:tuff":2,"minecraft:red_carpet":1,"minecraft:mossy_cobblestone":1,"goblins_tyranny:coins_5":1,"goblins_tyranny:coins_4":3,"luminousworld:blue_petunias":1,"farmersdelight:wild_carrots":5,"minecraft:mangrove_roots":1,"alekiships:wood/watercraft_frame/angled/spruce":1,"goblins_tyranny:liquor_bottles_3":3,"goblins_tyranny:coins_1":2,"minecraft:allium":11,"minecraft:decorated_pot":1,"goblins_tyranny:coins_3":2,"luminousworld:grassvariant_2":4,"luminousworld:decorative_brown_mushroom_1":2,"minecraft:hay_block":11,"farmersdelight:wild_onions":10,"illusion_onslaught:cracked_cultstone_bricks":4,"minecraft:andesite":2,"minecraft:stripped_spruce_log":2,"goblins_tyranny:liquor_bottles_2":2,"goblins_tyranny:mugs_2":8,"minecraft:cobblestone_slab":2,"minecraft:vine":1,"irons_spellbooks:firefly_jar":1,"minecraft:stone":59,"goblins_tyranny:hut_window":2,"minecraft:scaffolding":4,"minecraft:brown_carpet":3,"minecraft:crafting_table":1,"goblins_tyranny:engineer_workbench_1":1,"minecraft:tall_grass":1,"born_in_chaos_v1:chipped_black_argillite_brick":2,"minecraft:birch_leaves":9,"minecraft:coal_ore":20,"minecraft:sunflower":3,"minecraft:cracked_stone_bricks":7,"minecraft:stone_bricks":15,"minecraft:polished_andesite":3,"luminousworld:elephant_grass":3,"paraglider:goddess_statue":1,"minecraft:fern":1}},"DataVersion":3465}