{"stats":{"minecraft:picked_up":{"irons_spellbooks:scroll":5,"minecraft:wheat":38,"minecraft:lead":1,"goblins_tyranny:mug":40,"minecraft:wither_rose":1,"minecraft:enchanted_book":2,"minecraft:stone_brick_stairs":4,"minecraft:amethyst_block":4,"iceandfire:manuscript":6,"paraglider:goddess_statue":1,"minecraft:string":34,"minecraft:red_candle":5,"goblins_tyranny:engineer_scrap":2,"irons_spellbooks:arcane_essence":80,"illusion_onslaught:mana_potion":5,"minecraft:gold_nugget":29,"bosses_of_mass_destruction:soul_star":1,"minecraft:spruce_planks":15,"goblins_tyranny:bear_hide":9,"minecraft:cobblestone_slab":2,"goblins_tyranny:fire_bomb":5,"irons_spellbooks:blank_rune":3,"minecraft:coal_block":13,"minecraft:mangrove_log":14,"minecraft:tipped_arrow":1,"minecraft:stick":7,"iceandfire:ghost_chest":2,"minecraft:polished_deepslate_stairs":2,"born_in_chaos_v1:pileof_dark_metal":2,"epicfight:skillbook":8,"tombstone:grave_dust":23,"minecraft:diorite":40,"minecraft:brown_carpet":3,"minecraft:stone_sword":1,"minecraft:rotten_flesh":93,"goblins_tyranny:shaman_skull":1,"farmersdelight:onion":10,"minecraft:carved_pumpkin":1,"minecraft:mangrove_roots":1,"luminousworld:far_lands":1,"minecraft:deepslate_brick_stairs":3,"minecraft:cod":1,"minecraft:iron_bars":4,"minecraft:cobblestone":193,"goblins_tyranny:bomb":2,"minecraft:birch_log":6,"illusion_onslaught:cultstone_bricks":4,"epicfight:stone_spear":2,"minecraft:feather":5,"minecraft:iron_door":3,"minecraft:andesite":6,"swem:star_worm":10,"born_in_chaos_v1:dark_grid":1,"paraglider:spirit_orb":66,"minecraft:flint":2,"minecraft:tuff":2,"born_in_chaos_v1:black_argillite_button":1,"goblins_tyranny:mugs":2,"minecraft:lapis_lazuli":13,"minecraft:dirt":69,"minecraft:bone":47,"illusion_onslaught:ominous_cloth":14,"minecraft:wheat_seeds":97,"minecraft:raw_gold":1,"illusion_onslaught:patterned_cultstone":5,"luminousworld:elephant_grass":1,"swem:oat_seeds":18,"minecraft:oak_planks":33,"irons_spellbooks:firefly_jar":1,"swem:swem_horse_spawn_egg":2,"iceandfire:amphithere_feather":6,"irons_spellbooks:frozen_bone":17,"irons_spellbooks:legendary_ink":1,"minecraft:sand":14,"minecraft:stripped_spruce_log":2,"minecraft:barrel":9,"minecraft:mossy_cobblestone":2,"minecraft:bundle":3,"minecraft:polished_andesite":8,"born_in_chaos_v1:fire_dust":5,"luminousworld:king_crab_plaque":1,"minecraft:granite":11,"born_in_chaos_v1:rotten_fish":4,"goblins_tyranny:blazing_barrel":1,"born_in_chaos_v1:sea_terror_stomach":1,"luminousworld:groundpebbles_1":8,"minecraft:crafting_table":1,"minecraft:allium":29,"minecraft:chicken":2,"irons_spellbooks:tarnished_helmet":1,"illusion_onslaught:chiseled_cultstone":1,"tombstone:scroll_of_preservation":1,"born_in_chaos_v1:fired_black_argillite":4,"epicfight:stray_pants":1,"epicfight:stray_hat":1,"iceandfire:graveyard_soil":9,"minecraft:cracked_stone_bricks":16,"minecraft:candle":383,"minecraft:beef":4,"born_in_chaos_v1:gnawed_bones":7,"minecraft:light_gray_wool":1,"minecraft:sugar_cane":2,"minecraft:chest":1,"minecraft:birch_sapling":1,"alekiships:cleat":5,"minecraft:egg":1,"minecraft:sandstone":1,"minecraft:raw_iron":22,"minecraft:polished_deepslate_slab":7,"luminousworld:blue_petunias":1,"minecraft:oak_door":1,"minecraft:fire_charge":1,"born_in_chaos_v1:pieceofdarkmetal":4,"minecraft:carrot":8,"irons_spellbooks:alchemist_cauldron":1,"minecraft:dark_oak_planks":89,"goblins_tyranny:goblins_meat":2,"luminousworld:decorative_brown_mushroom_1":2,"iceandfire:silver_ingot":4,"minecraft:arrow":36,"minecraft:decorated_pot":1,"minecraft:hay_block":29,"swem:alfalfa_seeds":13,"goblins_tyranny:bottles":17,"born_in_chaos_v1:spiny_shell":6,"tombstone:essence_of_undeath":1,"goblins_tyranny:cow_hide":3,"minecraft:mutton":26,"minecraft:white_wool":13,"illusion_onslaught:cracked_cultstone_bricks":4,"born_in_chaos_v1:corpse_maggot":24,"swem:timothy_seeds":17,"born_in_chaos_v1:black_argillite_column_slab":2,"born_in_chaos_v1:monster_flesh":1,"minecraft:glow_ink_sac":2,"luminousworld:ishstone":8,"minecraft:leather":3,"minecraft:oak_log":18,"iceandfire:ectoplasm":3,"minecraft:gunpowder":2,"farmersdelight:skillet":1,"minecraft:white_banner":2,"minecraft:cooked_mutton":5,"minecraft:red_carpet":10,"minecraft:stone_bricks":36,"minecraft:kelp":2,"minecraft:iron_ingot":4,"minecraft:cobweb":4,"tombstone:bag_of_seeds":3,"minecraft:scaffolding":24,"minecraft:polished_andesite_stairs":1,"goblins_tyranny:glitteron_armor":2,"alekiships:watercraft_frame_flat":13,"epicfight:stone_greatsword":1,"born_in_chaos_v1:ethereal_spirit":1,"minecraft:gravel":48,"minecraft:crimson_stairs":1,"minecraft:amethyst_shard":6,"irons_spellbooks:blood_staff":1,"minecraft:white_bed":1,"minecraft:spider_eye":21,"swem:poop":5,"swem:worm_spawn_egg":1,"alekiships:watercraft_frame_angled":35,"goblins_tyranny:coin":80,"minecraft:slime_ball":2,"goblins_tyranny:engineer_workbench":1,"minecraft:stone_axe":1,"minecraft:painting":1,"minecraft:gray_wool":2,"illusion_onslaught:cultstone_brick_stairs":2,"born_in_chaos_v1:tombstone_dark_titan_066":9,"goblins_tyranny:gaz_bomb":11,"minecraft:baked_potato":2,"tombstone:magic_scroll":3,"minecraft:hopper":4,"minecraft:coal":20,"illusion_onslaught:cultstone":15,"minecraft:sunflower":4,"minecraft:ender_pearl":1},"minecraft:broken":{"minecraft:iron_boots":1,"minecraft:iron_leggings":1,"minecraft:stone_axe":2,"epicfight:stone_greatsword":1},"minecraft:used":{"minecraft:writable_book":2,"illusion_onslaught:cultstone_bricks":1,"minecraft:iron_shovel":78,"minecraft:decorated_pot":1,"minecraft:chest":3,"minecraft:shield":57,"minecraft:iron_sword":51,"goblins_tyranny:shaman_skull":1,"paraglider:goddess_statue":1,"minecraft:mutton":4,"epicfight:stray_hat":1,"goblins_tyranny:goblin_spear":160,"goblins_tyranny:bottles":4,"minecraft:carrot":25,"irons_spellbooks:cultist_chestplate":2,"minecraft:tuff":1,"minecraft:polished_deepslate_stairs":2,"wom:agony":34,"born_in_chaos_v1:smoked_flesh":14,"minecraft:birch_sapling":1,"iceandfire:ghost_chest":1,"born_in_chaos_v1:gnawed_bones":5,"luminousworld:elephant_grass":1,"alekiships:watercraft_frame_angled":33,"minecraft:stone_brick_stairs":2,"minecraft:stone_bricks":48,"minecraft:red_carpet":9,"minecraft:magma_block":5,"born_in_chaos_v1:fired_black_argillite":2,"alekiships:watercraft_frame_flat":14,"minecraft:mangrove_roots":1,"minecraft:scaffolding":16,"minecraft:sweet_berries":8,"minecraft:furnace":1,"alekiships:cleat":4,"goblins_tyranny:bear_hide":9,"minecraft:potato":16,"luminousworld:decorative_brown_mushroom_1":2,"epicfight:skillbook":10,"minecraft:stone_pickaxe":104,"minecraft:mangrove_planks":8,"minecraft:oak_planks":25,"minecraft:leather_chestplate":1,"minecraft:wooden_pickaxe":11,"luminousworld:groundpebbles_1":7,"minecraft:white_wool":5,"minecraft:golden_apple":3,"minecraft:sand":1,"goblins_tyranny:blazing_liquor_item":1,"minecraft:lingering_potion":2,"minecraft:deepslate_brick_stairs":2,"illusion_onslaught:cracked_cultstone_bricks":1,"goblins_tyranny:goblins_prototype_chestplate":1,"minecraft:string":12,"minecraft:bread":96,"minecraft:iron_door":2,"minecraft:gravel":12,"minecraft:coal_block":5,"minecraft:fire_charge":1,"tombstone:familiar_stone":1,"minecraft:andesite":5,"minecraft:cobweb":8,"illusion_onslaught:cultstone":1,"minecraft:carved_pumpkin":1,"irons_spellbooks:cultist_helmet":2,"minecraft:spruce_planks":19,"minecraft:cooked_salmon":6,"minecraft:oak_door":1,"minecraft:dirt":49,"minecraft:hopper":4,"illusion_onslaught:spiritual_helmet":1,"minecraft:dark_oak_planks":82,"minecraft:barrel":4,"illusion_onslaught:chiseled_cultstone":1,"epicfight:stone_greatsword":51,"goblins_tyranny:goblins_meat":1,"luminousworld:blue_petunias":1,"goblins_tyranny:engineer_workbench":1,"tombstone:gift":8,"goblins_tyranny:mugs":2,"goblins_tyranny:mug":40,"minecraft:iron_leggings":2,"minecraft:cooked_mutton":18,"minecraft:water_bucket":1,"farmersdelight:skillet":6,"minecraft:birch_planks":2,"minecraft:bundle":1,"minecraft:glass_bottle":1,"minecraft:polished_andesite":6,"minecraft:baked_potato":12,"swem:swem_horse_spawn_egg":2,"luminousworld:ishstone":6,"minecraft:cobblestone_slab":2,"minecraft:leather_boots":1,"minecraft:cracked_stone_bricks":11,"minecraft:polished_deepslate_slab":4,"minecraft:mossy_cobblestone":2,"farmersdelight:onion":15,"illusion_onslaught:arcane_apple":1,"minecraft:crafting_table":11,"illusion_onslaught:patterned_cultstone":1,"minecraft:white_bed":2,"tombstone:tablet_of_home":3,"epicfight:stone_spear":34,"minecraft:oak_log":1,"tombstone:bag_of_seeds":3,"minecraft:apple":5,"illusion_onslaught:cultstone_brick_stairs":2,"minecraft:sunflower":1,"minecraft:iron_pickaxe":241,"luminousworld:king_crab_plaque":1,"minecraft:suspicious_stew":2,"swem:worm_spawn_egg":2,"minecraft:golden_leggings":1,"minecraft:stone_axe":195,"minecraft:cobblestone":101,"minecraft:potion":3,"minecraft:crimson_stairs":1,"minecraft:white_banner":1,"born_in_chaos_v1:tombstone_dark_titan_066":7,"minecraft:bucket":1,"minecraft:kelp":1,"illusion_onslaught:arcaned_calcite":2,"alexsmobs:animal_dictionary":1,"minecraft:gray_wool":1},"minecraft:dropped":{"minecraft:candle":25,"minecraft:glass_bottle":1,"alekiships:watercraft_frame_flat":2,"iceandfire:ectoplasm":1,"paraglider:spirit_orb":2,"minecraft:dirt":7,"minecraft:mutton":6,"minecraft:sunflower":1,"tombstone:scroll_of_preservation":1,"swem:poop":2,"swem:oat_seeds":3,"minecraft:bone":1,"swem:worm_spawn_egg":1,"irons_spellbooks:blank_rune":1,"minecraft:wheat":1,"swem:alfalfa_seeds":6,"minecraft:rotten_flesh":24,"minecraft:oak_planks":20,"goblins_tyranny:glitteron_armor":1,"swem:timothy_seeds":3,"alekiships:cleat":1,"born_in_chaos_v1:corpse_maggot":6,"minecraft:wheat_seeds":2,"swem:swem_horse_spawn_egg":2,"minecraft:feather":1,"minecraft:cobblestone":2,"minecraft:polished_andesite":2,"minecraft:stick":4,"irons_spellbooks:scroll":2,"minecraft:iron_door":1,"minecraft:fire_charge":1,"irons_spellbooks:frozen_bone":4,"minecraft:string":2,"minecraft:stone_sword":1,"minecraft:spruce_planks":2,"minecraft:stone_bricks":3,"minecraft:raw_gold":1,"minecraft:wooden_pickaxe":1,"epicfight:skillbook":3,"goblins_tyranny:mug":12},"minecraft:custom":{"minecraft:interact_with_crafting_table":44,"minecraft:open_barrel":438,"minecraft:leave_game":9,"minecraft:time_since_death":101738,"minecraft:damage_resisted":52,"minecraft:sprint_one_cm":2216434,"minecraft:damage_blocked_by_shield":1420,"minecraft:drop":68,"minecraft:talked_to_villager":2,"minecraft:play_time":742258,"minecraft:deaths":21,"minecraft:jump":7856,"minecraft:interact_with_brewingstand":8,"minecraft:walk_on_water_one_cm":118076,"minecraft:interact_with_furnace":9,"minecraft:traded_with_villager":50,"tombstone:sneak_grave":1,"minecraft:damage_dealt":25316,"minecraft:crouch_one_cm":169534,"tombstone:undead_killed":147,"minecraft:interact_with_smoker":1,"minecraft:inspect_dispenser":5,"minecraft:horse_one_cm":111,"minecraft:mob_kills":307,"minecraft:inspect_hopper":6,"minecraft:damage_dealt_resisted":274,"minecraft:climb_one_cm":11755,"minecraft:walk_one_cm":2393665,"minecraft:sneak_time":25771,"minecraft:walk_under_water_one_cm":201060,"minecraft:interact_with_lectern":2,"minecraft:interact_with_blast_furnace":1,"minecraft:total_world_time":742258,"tombstone:raider_killed":4,"minecraft:time_since_rest":101337,"minecraft:damage_taken":14491,"minecraft:damage_absorbed":144,"minecraft:trigger_trapped_chest":5,"tombstone:cast_on_ally":0,"minecraft:swim_one_cm":414140,"minecraft:fly_one_cm":3281520,"minecraft:open_chest":217,"minecraft:fall_one_cm":191502},"minecraft:crafted":{"minecraft:oak_planks":20,"irons_spellbooks:iron_spell_book":1,"minecraft:chain":3,"swem:rivet_iron":16,"minecraft:cooked_mutton":13,"minecraft:hopper":1,"minecraft:iron_boots":1,"minecraft:chest":3,"irons_spellbooks:scroll":2,"minecraft:emerald":96,"minecraft:crafting_table":10,"illusion_onslaught:spiritual_helmet":1,"minecraft:spruce_planks":2,"minecraft:wooden_pickaxe":1,"minecraft:birch_planks":6,"minecraft:dark_oak_slab":6,"minecraft:shield":1,"minecraft:stick":18,"minecraft:iron_pickaxe":1,"minecraft:gold_ingot":2,"illusion_onslaught:spiritual_chestplate":1,"minecraft:oak_door":3,"minecraft:iron_nugget":1,"alekiships:oar":1,"minecraft:furnace":1,"minecraft:stone_pickaxe":1,"minecraft:wheat":31,"minecraft:mangrove_planks":2,"epicfight:stone_greatsword":1,"minecraft:stone_axe":3,"minecraft:bread":124,"minecraft:air":556,"minecraft:iron_shovel":1,"minecraft:iron_leggings":1,"minecraft:lapis_lazuli":1},"minecraft:killed_by":{"alexsmobs:elephant":1,"irons_spellbooks:dead_king":1},"minecraft:killed":{"minecraft:cave_spider":3,"born_in_chaos_v1:zombie_lumberjack":1,"born_in_chaos_v1:door_knight_not_despawn":1,"born_in_chaos_v1:pumpkin_spirit":1,"minecraft:spider":7,"luminousworld:king_crab":1,"minecraft:skeleton":19,"illusion_onslaught:cultoliger":5,"minecraft:chicken":2,"born_in_chaos_v1:skeleton_thrasher":1,"irons_spellbooks:summoned_skeleton":5,"born_in_chaos_v1:firelight_not_despawn":6,"goblins_tyranny:grobot":1,"minecraft:zombie_villager":1,"born_in_chaos_v1:glutton_fish":1,"irons_spellbooks:necromancer":6,"minecraft:creeper":1,"swem:swem_horse":3,"luminousworld:crab":2,"goblins_tyranny:goblin_huntsman":1,"minecraft:sheep":12,"goblins_tyranny:mini_goblin_2":2,"minecraft:pillager":4,"irons_spellbooks:summoned_vex":5,"minecraft:zombie":66,"born_in_chaos_v1:dread_hound":2,"born_in_chaos_v1:corpse_fly":1,"goblins_tyranny:mini_goblin_3":4,"enemyexpansion:botfly":6,"minecraft:stray":7,"swem:wormieboi":2,"minecraft:vex":1,"irons_spellbooks:summoned_zombie":15,"goblins_tyranny:leader_goblin":2,"luminousworld:sand_crab":2,"goblins_tyranny:shaman_goblin":1,"luminousworld:swallowtail":1,"luminousworld:sunken_skeleton":4,"born_in_chaos_v1:thornshell_crab":1,"enemyexpansion:direwolf":6,"born_in_chaos_v1:zombie_bruiser":2,"born_in_chaos_v1:maggot":26,"luminousworld:treant":1,"goblins_tyranny:mini_goblin_1":3,"luminousworld:monarch":1,"born_in_chaos_v1:corpse_fish":1,"minecraft:drowned":5,"goblins_tyranny:champion_goblin":1,"luminousworld:savannah_zombie":1,"goblins_tyranny:goblin_hunter":2,"born_in_chaos_v1:barrel_zombie":2,"born_in_chaos_v1:fallen_chaos_knight":1,"born_in_chaos_v1:baby_skeleton":1,"born_in_chaos_v1:decrepit_skeleton":4,"born_in_chaos_v1:bloody_gadfly":1,"iceandfire:ghost":6,"goblins_tyranny:engineeress_goblin":1,"enemyexpansion:huntsman":2,"enemyexpansion:slugger":1},"minecraft:mined":{"minecraft:dark_oak_planks":9,"minecraft:spruce_planks":13,"minecraft:white_bed":1,"illusion_onslaught:cultstone_brick_stairs":2,"minecraft:jungle_leaves":1,"goblins_tyranny:mugs":10,"minecraft:granite":11,"minecraft:grass_block":6,"illusion_onslaught:patterned_cultstone":5,"minecraft:coal_block":13,"minecraft:deepslate_bricks":1,"minecraft:hopper":4,"luminousworld:savanna_grass_2":1,"minecraft:spawner":33,"alekiships:watercraft_frame_angled":17,"minecraft:tall_seagrass":1,"born_in_chaos_v1:dark_grid":2,"goblins_tyranny:goblin_podzol":2,"born_in_chaos_v1:black_argillite_brick_slab":1,"minecraft:iron_ore":22,"minecraft:fire":8,"minecraft:barrel":10,"goblins_tyranny:coin_barrel":5,"minecraft:polished_deepslate_slab":6,"minecraft:iron_bars":4,"minecraft:deepslate_brick_stairs":3,"alekiships:wood/watercraft_frame/angled/dark_oak":17,"minecraft:tripwire":2,"minecraft:kelp_plant":2,"irons_spellbooks:alchemist_cauldron":1,"minecraft:polished_deepslate_stairs":2,"minecraft:amethyst_cluster":3,"alekiships:watercraft_frame_flat":4,"goblins_tyranny:liquor_bottles":2,"minecraft:polished_andesite_stairs":1,"iceandfire:ghost_chest":2,"minecraft:chest":1,"minecraft:white_stained_glass_pane":1,"born_in_chaos_v1:black_argillite_column_slab":2,"swem:star_worm_cobble":3,"minecraft:cobblestone":37,"illusion_onslaught:cultstone":16,"minecraft:oak_planks":12,"illusion_onslaught:cultstone_bricks":4,"minecraft:iron_door":2,"minecraft:crimson_stairs":1,"minecraft:amethyst_block":4,"minecraft:seagrass":2,"minecraft:red_candle":2,"minecraft:dark_oak_slab":1,"born_in_chaos_v1:tombstone_dark_titan_066":9,"minecraft:birch_log":6,"minecraft:wheat":35,"born_in_chaos_v1:fired_black_argillite":4,"minecraft:wither_rose":1,"minecraft:stone_brick_stairs":5,"minecraft:grass":111,"minecraft:oak_log":18,"goblins_tyranny:coins_2":1,"minecraft:dirt":54,"minecraft:sand":14,"illusion_onslaught:chiseled_cultstone":1,"luminousworld:grassvariant_3":3,"minecraft:mangrove_log":12,"alekiships:wood/watercraft_frame/flat/dark_oak":8,"minecraft:oak_leaves":10,"luminousworld:groundpebbles_1":5,"minecraft:red_carpet":3,"minecraft:tuff":2,"goblins_tyranny:blazing_barrel":1,"minecraft:mossy_cobblestone":2,"goblins_tyranny:coins_5":1,"goblins_tyranny:coins_4":5,"minecraft:candle":161,"minecraft:oak_door":1,"luminousworld:blue_petunias":1,"farmersdelight:wild_carrots":7,"minecraft:mangrove_roots":1,"alekiships:wood/watercraft_frame/angled/spruce":1,"goblins_tyranny:liquor_bottles_3":3,"goblins_tyranny:coins_1":2,"minecraft:allium":11,"minecraft:decorated_pot":1,"goblins_tyranny:coins_3":2,"luminousworld:grassvariant_2":4,"luminousworld:decorative_brown_mushroom_1":2,"luminousworld:groundpebbles_3":2,"minecraft:kelp":2,"minecraft:moss_block":1,"minecraft:rooted_dirt":1,"minecraft:sandstone":1,"born_in_chaos_v1:gnawed_bones":6,"minecraft:hay_block":28,"farmersdelight:wild_onions":10,"illusion_onslaught:cracked_cultstone_bricks":4,"minecraft:andesite":6,"minecraft:stripped_spruce_log":2,"goblins_tyranny:liquor_bottles_2":3,"goblins_tyranny:mugs_2":9,"minecraft:cobblestone_slab":3,"minecraft:vine":2,"irons_spellbooks:firefly_jar":1,"minecraft:stone":166,"goblins_tyranny:hut_window":2,"illusion_onslaught:enchanted_cultstone":4,"minecraft:scaffolding":4,"minecraft:brown_carpet":3,"minecraft:crafting_table":1,"goblins_tyranny:engineer_workbench_1":1,"minecraft:tall_grass":6,"born_in_chaos_v1:chipped_black_argillite_brick":5,"minecraft:lapis_ore":2,"minecraft:diorite":50,"minecraft:gray_wool":1,"farmersdelight:skillet":1,"minecraft:birch_leaves":9,"minecraft:coal_ore":20,"luminousworld:ishstone":8,"born_in_chaos_v1:rotten_soil":3,"minecraft:sunflower":6,"minecraft:gravel":39,"minecraft:cobweb":1,"minecraft:cracked_stone_bricks":19,"minecraft:stone_bricks":35,"minecraft:polished_andesite":7,"luminousworld:elephant_grass":3,"paraglider:goddess_statue":1,"minecraft:fern":1}},"DataVersion":3465}