{"stats":{"minecraft:killed":{"minecraft:pig":20,"minecraft:salmon":2,"minecraft:iron_golem":1,"minecraft:sheep":13,"minecraft:chicken":5,"minecraft:cow":9},"minecraft:crafted":{"minecraft:stone_shovel":1,"minecraft:cooked_porkchop":12,"minecraft:crafting_table":1,"minecraft:spruce_planks":24,"minecraft:wooden_pickaxe":1,"minecraft:furnace":3,"minecraft:birch_planks":16,"minecraft:stone_axe":2,"minecraft:cooked_mutton":6,"minecraft:air":0,"minecraft:stick":12,"minecraft:stone_pickaxe":1,"minecraft:white_bed":1},"minecraft:broken":{"minecraft:stone_axe":1},"minecraft:custom":{"minecraft:interact_with_furnace":31,"minecraft:mob_kills":50,"minecraft:interact_with_crafting_table":11,"minecraft:leave_game":1,"minecraft:time_since_death":24565,"minecraft:sleep_in_bed":3,"minecraft:climb_one_cm":418,"minecraft:time_since_rest":2850,"minecraft:sprint_one_cm":97480,"minecraft:damage_taken":60,"minecraft:walk_one_cm":36458,"minecraft:drop":2,"minecraft:damage_dealt":5199,"minecraft:talked_to_villager":3,"minecraft:swim_one_cm":10814,"minecraft:fly_one_cm":133035,"minecraft:open_chest":3,"minecraft:crouch_one_cm":280,"minecraft:play_time":24565,"minecraft:sneak_time":378,"minecraft:walk_under_water_one_cm":3164,"minecraft:jump":570,"minecraft:walk_on_water_one_cm":1362,"minecraft:total_world_time":24565,"minecraft:fall_one_cm":16281},"minecraft:used":{"minecraft:cooked_mutton":3,"minecraft:stone_shovel":37,"minecraft:stone_pickaxe":56,"minecraft:wooden_pickaxe":10,"minecraft:white_wool":2,"minecraft:dirt":12,"minecraft:mutton":1,"minecraft:crafting_table":6,"minecraft:white_bed":2,"minecraft:stone_axe":110,"minecraft:furnace":2,"minecraft:cooked_porkchop":2},"minecraft:picked_up":{"minecraft:birch_log":4,"minecraft:crafting_table":6,"minecraft:feather":5,"minecraft:chicken":5,"minecraft:salmon":2,"minecraft:leather":6,"minecraft:flint":1,"minecraft:oak_log":7,"minecraft:yellow_bed":4,"minecraft:dirt":22,"minecraft:wheat_seeds":1,"minecraft:beef":14,"minecraft:iron_ingot":4,"minecraft:poppy":1,"minecraft:light_gray_wool":2,"minecraft:furnace":2,"minecraft:gravel":3,"minecraft:porkchop":43,"minecraft:stripped_spruce_log":1,"minecraft:white_bed":4,"minecraft:spruce_log":6,"minecraft:hay_block":16,"minecraft:mutton":29,"minecraft:white_wool":19,"minecraft:cobblestone":43},"minecraft:dropped":{"minecraft:wheat_seeds":1,"minecraft:poppy":1},"minecraft:mined":{"minecraft:white_bed":4,"minecraft:crafting_table":6,"minecraft:grass_block":6,"minecraft:tall_grass":4,"minecraft:large_fern":5,"minecraft:hay_block":16,"minecraft:furnace":2,"minecraft:birch_log":4,"minecraft:spruce_log":6,"minecraft:birch_leaves":1,"minecraft:stripped_spruce_log":1,"minecraft:yellow_bed":4,"minecraft:grass":12,"minecraft:oak_log":7,"minecraft:gravel":5,"minecraft:dirt":16,"minecraft:stone":43,"minecraft:white_wool":2,"minecraft:oak_leaves":1}},"DataVersion":3465}