{"stats":{"minecraft:dropped":{"minecraft:rotten_flesh":2,"minecraft:wooden_pickaxe":1,"minecraft:stick":2},"minecraft:killed":{"illusion_onslaught:cultoliger":5,"luminousworld:treant":1,"born_in_chaos_v1:door_knight_not_despawn":1,"born_in_chaos_v1:decrepit_skeleton":2},"minecraft:crafted":{"minecraft:oak_planks":10,"minecraft:crafting_table":3,"minecraft:stick":5,"minecraft:wooden_pickaxe":1,"minecraft:stone_pickaxe":1,"epicfight:stone_greatsword":1,"minecraft:birch_planks":6,"minecraft:stone_axe":1,"minecraft:lapis_lazuli":1,"minecraft:air":83},"minecraft:mined":{"minecraft:iron_ore":6,"minecraft:birch_log":6,"luminousworld:blue_petunias":1,"illusion_onslaught:cultstone_brick_stairs":1,"minecraft:birch_leaves":9,"minecraft:crafting_table":1,"minecraft:grass":1,"minecraft:oak_log":10,"minecraft:grass_block":2,"minecraft:dirt":2,"luminousworld:grassvariant_3":1,"minecraft:cobblestone":4,"luminousworld:decorative_brown_mushroom_1":2,"minecraft:stone":27,"minecraft:oak_planks":9,"minecraft:oak_leaves":4,"minecraft:spawner":4},"minecraft:used":{"illusion_onslaught:cultstone_brick_stairs":1,"minecraft:birch_planks":2,"minecraft:bread":5,"minecraft:stone_pickaxe":37,"minecraft:birch_sapling":1,"minecraft:oak_planks":9,"minecraft:wooden_pickaxe":11,"epicfight:stone_greatsword":16,"minecraft:golden_apple":1,"minecraft:stone_axe":52,"minecraft:dirt":4,"minecraft:cobblestone":19,"luminousworld:blue_petunias":1,"minecraft:crafting_table":4,"minecraft:carrot":2,"tombstone:gift":2,"alexsmobs:animal_dictionary":1,"luminousworld:decorative_brown_mushroom_1":2},"minecraft:picked_up":{"minecraft:birch_log":6,"minecraft:raw_iron":6,"minecraft:stick":2,"minecraft:crafting_table":1,"luminousworld:blue_petunias":1,"paraglider:spirit_orb":8,"minecraft:oak_log":10,"minecraft:dirt":4,"luminousworld:decorative_brown_mushroom_1":2,"minecraft:bone":3,"minecraft:rotten_flesh":2,"illusion_onslaught:ominous_cloth":14,"illusion_onslaught:mana_potion":5,"illusion_onslaught:cultstone_brick_stairs":1,"luminousworld:far_lands":1,"minecraft:oak_planks":9,"minecraft:birch_sapling":1,"minecraft:cobblestone":31},"minecraft:custom":{"minecraft:time_since_rest":11521,"minecraft:sprint_one_cm":170953,"minecraft:damage_absorbed":25,"minecraft:damage_taken":1520,"minecraft:walk_one_cm":152248,"minecraft:mob_kills":9,"minecraft:drop":3,"minecraft:damage_dealt":4172,"minecraft:open_barrel":8,"minecraft:swim_one_cm":4450,"minecraft:interact_with_crafting_table":9,"minecraft:fly_one_cm":172068,"minecraft:open_chest":14,"minecraft:crouch_one_cm":8687,"minecraft:play_time":48652,"tombstone:undead_killed":3,"minecraft:deaths":4,"minecraft:sneak_time":2211,"minecraft:walk_under_water_one_cm":647,"minecraft:damage_dealt_resisted":51,"minecraft:jump":659,"minecraft:walk_on_water_one_cm":6531,"minecraft:leave_game":3,"minecraft:time_since_death":13361,"minecraft:total_world_time":48652,"minecraft:fall_one_cm":19621}},"DataVersion":3465}