{"stats":{"minecraft:killed":{"minecraft:spider":2,"minecraft:skeleton":3,"minecraft:chicken":15,"minecraft:magma_cube":12,"minecraft:pig":23,"minecraft:salmon":2,"minecraft:iron_golem":1,"minecraft:sheep":17,"minecraft:pillager":1,"minecraft:zombie":9,"minecraft:wither_skeleton":3,"minecraft:enderman":1,"minecraft:blaze":4,"minecraft:cow":9},"minecraft:killed_by":{"minecraft:stray":1,"minecraft:blaze":1},"minecraft:crafted":{"minecraft:oak_planks":16,"minecraft:stone_shovel":1,"minecraft:dark_oak_boat":1,"minecraft:cooked_chicken":15,"minecraft:furnace":4,"minecraft:cooked_mutton":31,"minecraft:flint_and_steel":1,"minecraft:iron_boots":1,"minecraft:stone_pickaxe":1,"minecraft:dark_oak_planks":20,"minecraft:cooked_beef":14,"minecraft:cooked_porkchop":42,"minecraft:crafting_table":1,"minecraft:spruce_planks":24,"minecraft:wooden_pickaxe":1,"minecraft:baked_potato":16,"minecraft:iron_helmet":1,"minecraft:bucket":2,"minecraft:birch_planks":16,"minecraft:stone_axe":3,"minecraft:bread":1,"minecraft:air":0,"minecraft:iron_chestplate":1,"minecraft:shield":1,"minecraft:stick":16,"minecraft:iron_ingot":30,"minecraft:iron_pickaxe":1,"minecraft:iron_leggings":1,"minecraft:white_bed":1},"minecraft:broken":{"minecraft:stone_pickaxe":1,"minecraft:stone_axe":2},"minecraft:used":{"minecraft:flint_and_steel":2,"minecraft:stone_shovel":81,"minecraft:spruce_planks":13,"minecraft:shield":46,"minecraft:cooked_chicken":1,"minecraft:netherrack":52,"minecraft:dirt":35,"minecraft:mutton":1,"minecraft:snowball":30,"minecraft:dark_oak_planks":3,"minecraft:lava_bucket":16,"minecraft:dark_oak_boat":4,"minecraft:soul_soil":37,"minecraft:furnace":13,"minecraft:egg":1,"minecraft:cooked_beef":4,"minecraft:cooked_mutton":18,"minecraft:water_bucket":18,"minecraft:stone_pickaxe":124,"minecraft:oak_planks":16,"minecraft:wooden_pickaxe":10,"minecraft:white_wool":2,"minecraft:crafting_table":9,"minecraft:white_bed":4,"minecraft:oak_log":1,"minecraft:iron_pickaxe":190,"minecraft:gravel":3,"minecraft:stone_axe":214,"minecraft:cobblestone":72,"minecraft:cooked_porkchop":3,"minecraft:bucket":34},"minecraft:custom":{"minecraft:mob_kills":104,"minecraft:interact_with_crafting_table":41,"minecraft:leave_game":2,"minecraft:time_since_death":707,"minecraft:climb_one_cm":418,"minecraft:sprint_one_cm":240068,"minecraft:walk_one_cm":137492,"minecraft:damage_blocked_by_shield":1770,"minecraft:drop":20,"minecraft:talked_to_villager":3,"minecraft:play_time":84499,"minecraft:deaths":2,"minecraft:sneak_time":4328,"minecraft:walk_under_water_one_cm":8581,"minecraft:boat_one_cm":4926,"minecraft:jump":1972,"minecraft:walk_on_water_one_cm":13089,"minecraft:total_world_time":84499,"minecraft:interact_with_furnace":205,"minecraft:sleep_in_bed":6,"minecraft:time_since_rest":733,"minecraft:damage_taken":1931,"minecraft:damage_dealt":11690,"minecraft:swim_one_cm":16804,"minecraft:fly_one_cm":367598,"minecraft:open_chest":4,"minecraft:crouch_one_cm":10003,"minecraft:fall_one_cm":56782},"minecraft:picked_up":{"minecraft:crafting_table":9,"minecraft:iron_chestplate":1,"minecraft:wheat":1,"minecraft:chicken":15,"minecraft:string":1,"minecraft:soul_soil":37,"minecraft:beef":14,"minecraft:poppy":1,"minecraft:light_gray_wool":2,"minecraft:egg":1,"minecraft:furnace":13,"minecraft:stick":3,"minecraft:raw_iron":34,"minecraft:porkchop":47,"minecraft:dark_oak_planks":20,"minecraft:arrow":2,"minecraft:rotten_flesh":11,"minecraft:hay_block":16,"minecraft:blaze_rod":3,"minecraft:mutton":35,"minecraft:snowball":30,"minecraft:white_wool":24,"minecraft:cobblestone":125,"minecraft:birch_log":4,"minecraft:feather":13,"minecraft:salmon":2,"minecraft:andesite":2,"minecraft:leather":18,"minecraft:dark_oak_boat":4,"minecraft:flint":1,"minecraft:oak_log":12,"minecraft:yellow_bed":4,"minecraft:dirt":47,"minecraft:bone":7,"minecraft:wheat_seeds":3,"minecraft:iron_ingot":5,"minecraft:gravel":3,"minecraft:stripped_spruce_log":1,"minecraft:white_bed":7,"minecraft:spruce_log":6,"minecraft:dark_oak_log":3,"minecraft:granite":2,"minecraft:baked_potato":2,"minecraft:coal":160,"minecraft:netherrack":54},"minecraft:dropped":{"minecraft:wheat_seeds":1,"minecraft:cooked_porkchop":39,"minecraft:leather":12,"minecraft:granite":2,"minecraft:dark_oak_planks":20,"minecraft:bone":2,"minecraft:wheat":2,"minecraft:raw_iron":2,"minecraft:light_gray_wool":2,"minecraft:carrot":5,"minecraft:poppy":1,"minecraft:iron_chestplate":1,"minecraft:andesite":2,"minecraft:leather_boots":1,"minecraft:netherrack":1},"minecraft:mined":{"minecraft:white_bed":7,"minecraft:granite":1,"minecraft:grass_block":8,"minecraft:soul_soil":47,"minecraft:large_fern":5,"minecraft:hay_block":16,"minecraft:furnace":13,"minecraft:iron_ore":35,"minecraft:fire":4,"minecraft:stripped_spruce_log":1,"minecraft:nether_brick_fence":2,"minecraft:stone":120,"minecraft:white_wool":2,"minecraft:crafting_table":9,"minecraft:tall_grass":4,"minecraft:cobblestone":8,"minecraft:birch_log":4,"minecraft:spruce_log":6,"minecraft:birch_leaves":1,"minecraft:yellow_bed":4,"minecraft:grass":17,"minecraft:oak_log":12,"minecraft:coal_ore":65,"minecraft:gravel":5,"minecraft:dirt":16,"minecraft:netherrack":57,"minecraft:oak_leaves":3}},"DataVersion":3465}