{"stats":{"minecraft:picked_up":{"minecraft:crafting_table":1,"goblins_tyranny:mug":15,"minecraft:enchanted_book":1,"tombstone:scroll_of_preservation":1,"iceandfire:manuscript":6,"paraglider:goddess_statue":1,"illusion_onslaught:mana_potion":5,"minecraft:spruce_planks":6,"goblins_tyranny:fire_bomb":5,"minecraft:birch_sapling":1,"alekiships:cleat":5,"minecraft:stick":4,"minecraft:raw_iron":22,"iceandfire:ghost_chest":1,"luminousworld:blue_petunias":1,"tombstone:grave_dust":1,"minecraft:dark_oak_planks":85,"goblins_tyranny:goblins_meat":1,"minecraft:stone_sword":1,"luminousworld:decorative_brown_mushroom_1":2,"iceandfire:silver_ingot":2,"minecraft:arrow":3,"minecraft:rotten_flesh":9,"luminousworld:far_lands":1,"minecraft:mutton":2,"minecraft:white_wool":1,"minecraft:cobblestone":55,"goblins_tyranny:bomb":2,"minecraft:birch_log":6,"born_in_chaos_v1:corpse_maggot":2,"minecraft:feather":2,"paraglider:spirit_orb":10,"minecraft:oak_log":10,"iceandfire:ectoplasm":2,"minecraft:dirt":54,"minecraft:bone":11,"illusion_onslaught:ominous_cloth":14,"minecraft:wheat_seeds":1,"minecraft:oak_planks":32,"minecraft:scaffolding":7,"iceandfire:amphithere_feather":6,"goblins_tyranny:glitteron_armor":2,"alekiships:watercraft_frame_flat":13,"minecraft:stripped_spruce_log":2,"minecraft:barrel":3,"minecraft:spider_eye":20,"alekiships:watercraft_frame_angled":35,"illusion_onslaught:cultstone_brick_stairs":1,"tombstone:magic_scroll":1,"goblins_tyranny:gaz_bomb":11,"minecraft:coal":20},"minecraft:killed":{"born_in_chaos_v1:door_knight_not_despawn":1,"luminousworld:swallowtail":1,"enemyexpansion:direwolf":6,"born_in_chaos_v1:maggot":2,"minecraft:skeleton":2,"illusion_onslaught:cultoliger":5,"luminousworld:treant":1,"born_in_chaos_v1:fallen_chaos_knight":1,"born_in_chaos_v1:baby_skeleton":1,"born_in_chaos_v1:decrepit_skeleton":2,"luminousworld:crab":1,"minecraft:sheep":1,"goblins_tyranny:mini_goblin_2":1,"born_in_chaos_v1:bloody_gadfly":1,"minecraft:zombie":4,"iceandfire:ghost":1,"goblins_tyranny:mini_goblin_3":1},"minecraft:custom":{"minecraft:mob_kills":41,"minecraft:interact_with_crafting_table":25,"minecraft:open_barrel":25,"minecraft:damage_dealt_resisted":51,"minecraft:leave_game":6,"minecraft:time_since_death":4681,"minecraft:climb_one_cm":935,"minecraft:sprint_one_cm":334161,"minecraft:walk_one_cm":348072,"minecraft:drop":23,"minecraft:talked_to_villager":2,"minecraft:play_time":128059,"minecraft:deaths":5,"minecraft:sneak_time":10383,"minecraft:walk_under_water_one_cm":13055,"minecraft:jump":1711,"minecraft:walk_on_water_one_cm":24082,"minecraft:total_world_time":128059,"minecraft:interact_with_furnace":9,"minecraft:time_since_rest":3723,"minecraft:damage_taken":2751,"minecraft:damage_absorbed":25,"minecraft:trigger_trapped_chest":1,"minecraft:damage_dealt":8252,"tombstone:cast_on_ally":0,"minecraft:swim_one_cm":71428,"minecraft:fly_one_cm":541438,"minecraft:open_chest":44,"minecraft:crouch_one_cm":83132,"tombstone:undead_killed":12,"minecraft:interact_with_smoker":1,"minecraft:fall_one_cm":47201},"minecraft:dropped":{"alekiships:watercraft_frame_flat":2,"minecraft:cobblestone":2,"minecraft:stick":4,"minecraft:dirt":7,"minecraft:fire_charge":1,"tombstone:scroll_of_preservation":1,"minecraft:stone_sword":1,"minecraft:rotten_flesh":5,"minecraft:oak_planks":20,"goblins_tyranny:glitteron_armor":1,"minecraft:spruce_planks":2,"alekiships:cleat":1,"minecraft:wooden_pickaxe":1,"goblins_tyranny:mug":12},"minecraft:mined":{"minecraft:dark_oak_planks":5,"minecraft:spruce_planks":4,"luminousworld:blue_petunias":1,"illusion_onslaught:cultstone_brick_stairs":1,"minecraft:jungle_leaves":1,"goblins_tyranny:mugs":1,"alekiships:wood/watercraft_frame/angled/spruce":1,"minecraft:grass_block":3,"luminousworld:decorative_brown_mushroom_1":2,"minecraft:spawner":5,"alekiships:watercraft_frame_angled":17,"minecraft:fire":1,"minecraft:iron_ore":22,"minecraft:barrel":3,"minecraft:stripped_spruce_log":2,"goblins_tyranny:mugs_2":1,"minecraft:vine":1,"minecraft:stone":41,"alekiships:wood/watercraft_frame/angled/dark_oak":17,"goblins_tyranny:hut_window":2,"minecraft:scaffolding":4,"alekiships:watercraft_frame_flat":4,"minecraft:crafting_table":1,"iceandfire:ghost_chest":1,"minecraft:white_stained_glass_pane":1,"minecraft:cobblestone":12,"illusion_onslaught:cultstone":1,"minecraft:oak_planks":11,"minecraft:birch_log":6,"minecraft:birch_leaves":9,"minecraft:grass":5,"minecraft:oak_log":10,"minecraft:coal_ore":20,"minecraft:sunflower":1,"minecraft:dirt":44,"luminousworld:grassvariant_3":1,"alekiships:wood/watercraft_frame/flat/dark_oak":8,"luminousworld:elephant_grass":2,"minecraft:oak_leaves":4,"minecraft:fern":1,"paraglider:goddess_statue":1},"minecraft:crafted":{"minecraft:oak_planks":10,"alekiships:oar":1,"minecraft:furnace":1,"minecraft:cooked_mutton":13,"minecraft:stone_pickaxe":1,"minecraft:chest":1,"minecraft:crafting_table":6,"illusion_onslaught:spiritual_helmet":1,"minecraft:spruce_planks":2,"minecraft:wooden_pickaxe":1,"epicfight:stone_greatsword":1,"minecraft:birch_planks":6,"minecraft:stone_axe":1,"minecraft:air":97,"minecraft:dark_oak_slab":6,"minecraft:shield":1,"minecraft:stick":13,"minecraft:iron_shovel":1,"minecraft:gold_ingot":2,"illusion_onslaught:spiritual_chestplate":1,"minecraft:lapis_lazuli":1},"minecraft:used":{"minecraft:iron_shovel":26,"irons_spellbooks:cultist_helmet":2,"minecraft:chest":1,"minecraft:spruce_planks":12,"paraglider:goddess_statue":1,"minecraft:dirt":42,"minecraft:mutton":2,"goblins_tyranny:goblin_spear":62,"minecraft:carrot":9,"illusion_onslaught:spiritual_helmet":1,"minecraft:dark_oak_planks":8,"minecraft:birch_sapling":1,"iceandfire:ghost_chest":1,"alekiships:watercraft_frame_angled":33,"epicfight:stone_greatsword":16,"alekiships:watercraft_frame_flat":14,"luminousworld:blue_petunias":1,"minecraft:furnace":1,"alekiships:cleat":4,"tombstone:gift":5,"goblins_tyranny:mug":3,"luminousworld:decorative_brown_mushroom_1":2,"minecraft:cooked_mutton":13,"minecraft:birch_planks":2,"minecraft:stone_pickaxe":62,"minecraft:oak_planks":18,"minecraft:leather_chestplate":1,"minecraft:wooden_pickaxe":11,"minecraft:leather_boots":1,"minecraft:white_wool":1,"minecraft:golden_apple":1,"minecraft:crafting_table":7,"illusion_onslaught:arcane_apple":1,"goblins_tyranny:blazing_liquor_item":1,"minecraft:apple":1,"illusion_onslaught:cultstone_brick_stairs":1,"minecraft:bread":5,"minecraft:iron_pickaxe":46,"minecraft:golden_leggings":1,"minecraft:stone_axe":86,"minecraft:fire_charge":1,"minecraft:cobblestone":33,"minecraft:potion":1,"illusion_onslaught:arcaned_calcite":2,"alexsmobs:animal_dictionary":1}},"DataVersion":3465}