{"stats":{"minecraft:dropped":{"minecraft:cobblestone":2,"minecraft:stick":2,"minecraft:dirt":7,"minecraft:fire_charge":1,"tombstone:scroll_of_preservation":1,"minecraft:stone_sword":1,"minecraft:rotten_flesh":2,"minecraft:oak_planks":20,"goblins_tyranny:glitteron_armor":1,"alekiships:cleat":1,"minecraft:wooden_pickaxe":1,"goblins_tyranny:mug":12},"minecraft:killed":{"born_in_chaos_v1:door_knight_not_despawn":1,"luminousworld:swallowtail":1,"enemyexpansion:direwolf":4,"minecraft:skeleton":2,"illusion_onslaught:cultoliger":5,"luminousworld:treant":1,"born_in_chaos_v1:baby_skeleton":1,"born_in_chaos_v1:decrepit_skeleton":2,"luminousworld:crab":1,"goblins_tyranny:mini_goblin_2":1,"minecraft:sheep":1,"born_in_chaos_v1:bloody_gadfly":1,"minecraft:zombie":3,"goblins_tyranny:mini_goblin_3":1},"minecraft:crafted":{"minecraft:oak_planks":10,"minecraft:furnace":1,"minecraft:cooked_mutton":13,"minecraft:stone_pickaxe":1,"minecraft:chest":1,"minecraft:crafting_table":5,"illusion_onslaught:spiritual_helmet":1,"minecraft:spruce_planks":2,"minecraft:wooden_pickaxe":1,"epicfight:stone_greatsword":1,"minecraft:birch_planks":6,"minecraft:stone_axe":1,"minecraft:air":96,"minecraft:shield":1,"minecraft:stick":9,"minecraft:iron_shovel":1,"minecraft:gold_ingot":2,"illusion_onslaught:spiritual_chestplate":1,"minecraft:lapis_lazuli":1},"minecraft:mined":{"minecraft:spruce_planks":4,"luminousworld:blue_petunias":1,"illusion_onslaught:cultstone_brick_stairs":1,"minecraft:jungle_leaves":1,"goblins_tyranny:mugs":1,"minecraft:grass_block":3,"luminousworld:decorative_brown_mushroom_1":2,"minecraft:spawner":5,"minecraft:barrel":3,"minecraft:iron_ore":22,"minecraft:fire":1,"minecraft:stripped_spruce_log":2,"goblins_tyranny:mugs_2":1,"minecraft:vine":1,"minecraft:stone":41,"alekiships:wood/watercraft_frame/angled/dark_oak":1,"goblins_tyranny:hut_window":2,"alekiships:watercraft_frame_flat":2,"minecraft:crafting_table":1,"iceandfire:ghost_chest":1,"minecraft:white_stained_glass_pane":1,"minecraft:cobblestone":12,"illusion_onslaught:cultstone":1,"minecraft:oak_planks":11,"minecraft:birch_log":6,"minecraft:birch_leaves":9,"minecraft:grass":3,"minecraft:coal_ore":20,"minecraft:oak_log":10,"minecraft:dirt":44,"luminousworld:grassvariant_3":1,"luminousworld:elephant_grass":2,"minecraft:oak_leaves":4,"minecraft:fern":1,"paraglider:goddess_statue":1},"minecraft:used":{"minecraft:iron_shovel":26,"irons_spellbooks:cultist_helmet":2,"minecraft:spruce_planks":12,"minecraft:chest":1,"paraglider:goddess_statue":1,"minecraft:dirt":42,"minecraft:mutton":2,"goblins_tyranny:goblin_spear":30,"minecraft:carrot":9,"illusion_onslaught:spiritual_helmet":1,"minecraft:birch_sapling":1,"epicfight:stone_greatsword":16,"alekiships:watercraft_frame_flat":2,"luminousworld:blue_petunias":1,"minecraft:furnace":1,"alekiships:cleat":2,"tombstone:gift":2,"goblins_tyranny:mug":3,"luminousworld:decorative_brown_mushroom_1":2,"minecraft:cooked_mutton":12,"minecraft:birch_planks":2,"minecraft:stone_pickaxe":62,"minecraft:oak_planks":18,"minecraft:leather_chestplate":1,"minecraft:wooden_pickaxe":11,"minecraft:leather_boots":1,"minecraft:white_wool":1,"minecraft:golden_apple":1,"minecraft:crafting_table":6,"illusion_onslaught:arcane_apple":1,"goblins_tyranny:blazing_liquor_item":1,"minecraft:apple":1,"illusion_onslaught:cultstone_brick_stairs":1,"minecraft:bread":5,"minecraft:iron_pickaxe":46,"minecraft:golden_leggings":1,"minecraft:stone_axe":78,"minecraft:fire_charge":1,"minecraft:cobblestone":33,"minecraft:potion":1,"illusion_onslaught:arcaned_calcite":2,"alexsmobs:animal_dictionary":1},"minecraft:picked_up":{"minecraft:crafting_table":1,"goblins_tyranny:mug":15,"minecraft:enchanted_book":1,"tombstone:scroll_of_preservation":1,"iceandfire:manuscript":6,"paraglider:goddess_statue":1,"illusion_onslaught:mana_potion":5,"minecraft:spruce_planks":4,"goblins_tyranny:fire_bomb":3,"minecraft:birch_sapling":1,"alekiships:cleat":1,"minecraft:raw_iron":22,"minecraft:stick":2,"iceandfire:ghost_chest":1,"luminousworld:blue_petunias":1,"tombstone:grave_dust":1,"minecraft:dark_oak_planks":2,"goblins_tyranny:goblins_meat":1,"iceandfire:silver_ingot":2,"luminousworld:decorative_brown_mushroom_1":2,"minecraft:stone_sword":1,"minecraft:arrow":3,"minecraft:rotten_flesh":6,"luminousworld:far_lands":1,"minecraft:mutton":2,"minecraft:white_wool":1,"minecraft:cobblestone":55,"goblins_tyranny:bomb":2,"minecraft:birch_log":6,"born_in_chaos_v1:corpse_maggot":2,"minecraft:feather":2,"paraglider:spirit_orb":10,"minecraft:oak_log":10,"iceandfire:ectoplasm":2,"minecraft:dirt":54,"minecraft:bone":11,"illusion_onslaught:ominous_cloth":14,"minecraft:wheat_seeds":1,"minecraft:oak_planks":32,"iceandfire:amphithere_feather":6,"goblins_tyranny:glitteron_armor":2,"alekiships:watercraft_frame_flat":2,"minecraft:stripped_spruce_log":2,"minecraft:barrel":3,"minecraft:spider_eye":20,"alekiships:watercraft_frame_angled":1,"illusion_onslaught:cultstone_brick_stairs":1,"goblins_tyranny:gaz_bomb":6,"tombstone:magic_scroll":1,"minecraft:coal":20},"minecraft:custom":{"minecraft:mob_kills":34,"minecraft:interact_with_crafting_table":24,"minecraft:open_barrel":24,"minecraft:damage_dealt_resisted":51,"minecraft:leave_game":6,"minecraft:time_since_death":76190,"minecraft:climb_one_cm":935,"minecraft:sprint_one_cm":311110,"minecraft:walk_one_cm":292070,"minecraft:drop":17,"minecraft:talked_to_villager":2,"minecraft:play_time":111481,"minecraft:deaths":4,"minecraft:sneak_time":9635,"minecraft:walk_under_water_one_cm":5274,"minecraft:jump":1491,"minecraft:walk_on_water_one_cm":20280,"minecraft:total_world_time":111481,"minecraft:interact_with_furnace":9,"minecraft:time_since_rest":74350,"minecraft:damage_taken":2569,"minecraft:damage_absorbed":25,"minecraft:damage_dealt":6464,"tombstone:cast_on_ally":0,"minecraft:swim_one_cm":48238,"minecraft:fly_one_cm":438433,"minecraft:open_chest":44,"minecraft:crouch_one_cm":81405,"tombstone:undead_killed":9,"minecraft:interact_with_smoker":1,"minecraft:fall_one_cm":41740}},"DataVersion":3465}