{"stats":{"minecraft:custom":{"minecraft:time_since_rest":21269,"minecraft:interact_with_furnace":3,"minecraft:sprint_one_cm":59869,"minecraft:damage_taken":675,"minecraft:walk_one_cm":43260,"minecraft:mob_kills":10,"minecraft:damage_dealt":2171,"minecraft:swim_one_cm":8330,"minecraft:interact_with_crafting_table":9,"minecraft:fly_one_cm":119915,"minecraft:open_chest":2,"minecraft:crouch_one_cm":1586,"minecraft:play_time":21269,"minecraft:sneak_time":465,"minecraft:walk_under_water_one_cm":3152,"minecraft:jump":580,"minecraft:leave_game":1,"minecraft:time_since_death":21269,"minecraft:walk_on_water_one_cm":4447,"minecraft:climb_one_cm":370,"minecraft:total_world_time":21269,"minecraft:fall_one_cm":19651},"minecraft:used":{"minecraft:cooked_mutton":8,"minecraft:stone_pickaxe":39,"minecraft:oak_planks":8,"minecraft:wooden_pickaxe":4,"minecraft:stone_axe":60,"minecraft:fire_charge":2,"minecraft:mutton":1,"minecraft:crafting_table":3,"minecraft:furnace":1,"minecraft:golden_chestplate":1},"minecraft:killed":{"minecraft:sheep":7,"prehistoric_uprising:parasaurolophus":1,"luminousworld:monarch":1,"minecraft:spider":1},"minecraft:crafted":{"minecraft:oak_planks":60,"minecraft:crafting_table":2,"minecraft:stick":8,"minecraft:wooden_pickaxe":1,"minecraft:stone_pickaxe":1,"minecraft:furnace":1,"minecraft:stone_axe":1,"minecraft:pink_dye":2,"minecraft:bread":48,"minecraft:air":0,"minecraft:cooked_mutton":8,"minecraft:wheat":144},"minecraft:picked_up":{"minecraft:stick":1,"minecraft:crafting_table":3,"minecraft:raw_iron":4,"luminousworld:sunset_petunias":1,"minecraft:oak_log":24,"upgrade_aquatic:flowering_rush":1,"luminousworld:purple_petunias":1,"minecraft:string":1,"minecraft:spider_eye":1,"minecraft:dirt":4,"minecraft:hay_block":16,"minecraft:gray_wool":1,"minecraft:oak_sapling":4,"minecraft:mutton":12,"minecraft:coal":22,"minecraft:white_wool":6,"minecraft:cobblestone":25,"minecraft:furnace":1},"minecraft:mined":{"minecraft:hay_block":16,"luminousworld:sunset_petunias":1,"minecraft:furnace":1,"minecraft:iron_ore":4,"upgrade_aquatic:flowering_rush":1,"minecraft:crafting_table":3,"minecraft:grass":3,"minecraft:oak_log":25,"minecraft:coal_ore":12,"luminousworld:grassvariant_2":2,"luminousworld:grassvariant_3":2,"minecraft:stone":25,"minecraft:oak_leaves":16}},"DataVersion":3465}