{"stats":{"minecraft:killed":{"minecraft:pig":23,"minecraft:salmon":2,"minecraft:spider":1,"minecraft:iron_golem":1,"minecraft:sheep":17,"minecraft:pillager":1,"minecraft:zombie":2,"minecraft:chicken":15,"minecraft:cow":9},"minecraft:crafted":{"minecraft:cooked_beef":14,"minecraft:stone_shovel":1,"minecraft:cooked_porkchop":42,"minecraft:crafting_table":1,"minecraft:spruce_planks":24,"minecraft:baked_potato":16,"minecraft:wooden_pickaxe":1,"minecraft:cooked_chicken":15,"minecraft:furnace":4,"minecraft:bucket":2,"minecraft:birch_planks":16,"minecraft:stone_axe":2,"minecraft:bread":1,"minecraft:cooked_mutton":31,"minecraft:air":0,"minecraft:shield":1,"minecraft:stick":12,"minecraft:iron_ingot":9,"minecraft:iron_pickaxe":1,"minecraft:stone_pickaxe":1,"minecraft:white_bed":1,"minecraft:dark_oak_planks":20},"minecraft:broken":{"minecraft:stone_pickaxe":1,"minecraft:stone_axe":1},"minecraft:custom":{"minecraft:interact_with_furnace":171,"minecraft:mob_kills":72,"minecraft:interact_with_crafting_table":25,"minecraft:leave_game":1,"minecraft:time_since_death":48565,"minecraft:sleep_in_bed":4,"minecraft:climb_one_cm":418,"minecraft:time_since_rest":7778,"minecraft:sprint_one_cm":152168,"minecraft:damage_taken":359,"minecraft:walk_one_cm":69518,"minecraft:damage_blocked_by_shield":30,"minecraft:drop":8,"minecraft:damage_dealt":7019,"minecraft:talked_to_villager":3,"minecraft:swim_one_cm":15979,"minecraft:fly_one_cm":225061,"minecraft:open_chest":4,"minecraft:crouch_one_cm":4712,"minecraft:play_time":48565,"minecraft:sneak_time":2212,"minecraft:walk_under_water_one_cm":6678,"minecraft:jump":1069,"minecraft:walk_on_water_one_cm":8043,"minecraft:total_world_time":48565,"minecraft:fall_one_cm":30632},"minecraft:used":{"minecraft:cooked_mutton":6,"minecraft:water_bucket":14,"minecraft:stone_shovel":37,"minecraft:stone_pickaxe":124,"minecraft:shield":1,"minecraft:spruce_planks":13,"minecraft:wooden_pickaxe":10,"minecraft:cooked_chicken":1,"minecraft:white_wool":2,"minecraft:dirt":12,"minecraft:mutton":1,"minecraft:crafting_table":9,"minecraft:white_bed":4,"minecraft:dark_oak_planks":3,"minecraft:lava_bucket":12,"minecraft:iron_pickaxe":97,"minecraft:gravel":3,"minecraft:stone_axe":145,"minecraft:cobblestone":11,"minecraft:furnace":10,"minecraft:cooked_porkchop":3,"minecraft:bucket":27,"minecraft:egg":1},"minecraft:picked_up":{"minecraft:birch_log":4,"minecraft:crafting_table":8,"minecraft:wheat":1,"minecraft:feather":13,"minecraft:chicken":15,"minecraft:salmon":2,"minecraft:leather":18,"minecraft:flint":1,"minecraft:oak_log":7,"minecraft:yellow_bed":4,"minecraft:string":1,"minecraft:dirt":24,"minecraft:wheat_seeds":3,"minecraft:beef":14,"minecraft:iron_ingot":4,"minecraft:poppy":1,"minecraft:light_gray_wool":2,"minecraft:egg":1,"minecraft:furnace":7,"minecraft:raw_iron":11,"minecraft:gravel":3,"minecraft:porkchop":47,"minecraft:stripped_spruce_log":1,"minecraft:white_bed":6,"minecraft:spruce_log":6,"minecraft:dark_oak_log":3,"minecraft:dark_oak_planks":20,"minecraft:rotten_flesh":1,"minecraft:hay_block":16,"minecraft:baked_potato":2,"minecraft:mutton":34,"minecraft:coal":108,"minecraft:white_wool":23,"minecraft:cobblestone":120},"minecraft:dropped":{"minecraft:wheat_seeds":1,"minecraft:cooked_porkchop":39,"minecraft:wheat":1,"minecraft:light_gray_wool":2,"minecraft:leather":12,"minecraft:poppy":1,"minecraft:dark_oak_planks":20},"minecraft:mined":{"minecraft:white_bed":6,"minecraft:crafting_table":8,"minecraft:grass_block":8,"minecraft:cobblestone":7,"minecraft:tall_grass":4,"minecraft:large_fern":5,"minecraft:hay_block":16,"minecraft:furnace":7,"minecraft:birch_log":4,"minecraft:iron_ore":12,"minecraft:spruce_log":6,"minecraft:birch_leaves":1,"minecraft:stripped_spruce_log":1,"minecraft:yellow_bed":4,"minecraft:grass":17,"minecraft:coal_ore":64,"minecraft:oak_log":7,"minecraft:gravel":5,"minecraft:dirt":16,"minecraft:stone":118,"minecraft:white_wool":2,"minecraft:oak_leaves":1}},"DataVersion":3465}