{
  "minecraft:recipes/decorations/crafting_table": {
    "criteria": {
      "unlock_right_away": "2024-09-17 02:50:10 +0000"
    },
    "done": true
  },
  "mowziesmobs:root": {
    "criteria": {
      "custom_test_name": "2024-09-17 02:50:10 +0000"
    },
    "done": true
  },
  "irons_spellbooks:grant_patchouli": {
    "criteria": {
      "tick": "2024-09-17 02:50:10 +0000"
    },
    "done": true
  },
  "iceandfire:iceandfire/root": {
    "criteria": {
      "tick": "2024-09-17 02:50:10 +0000"
    },
    "done": true
  },
  "illusion_onslaught:illusion_onslaught_advancement": {
    "criteria": {
      "illusion_onslaught_advancement": "2024-09-17 02:50:10 +0000"
    },
    "done": true
  },
  "born_in_chaos_v1:bornin_chaos": {
    "criteria": {
      "bornin_chaos_0": "2024-09-17 02:50:10 +0000"
    },
    "done": true
  },
  "tombstone:adventure/root": {
    "criteria": {
      "auto": "2024-09-17 02:50:10 +0000"
    },
    "done": true
  },
  "cataclysm:root": {
    "criteria": {
      "custom_test_name": "2024-09-17 02:50:10 +0000"
    },
    "done": true
  },
  "warden_curse:sekiroo": {
    "criteria": {
      "sekiroo_0": "2024-09-17 02:50:10 +0000"
    },
    "done": true
  },
  "minecraft:adventure/adventuring_time": {
    "criteria": {
      "minecraft:birch_forest": "2024-09-17 02:50:10 +0000",
      "minecraft:beach": "2024-09-17 06:04:48 +0000",
      "minecraft:sparse_jungle": "2024-09-17 05:34:43 +0000",
      "minecraft:river": "2024-09-17 04:57:22 +0000",
      "minecraft:forest": "2024-09-17 04:57:11 +0000",
      "minecraft:savanna": "2024-09-17 05:14:41 +0000",
      "minecraft:plains": "2024-09-17 05:12:35 +0000"
    },
    "done": false
  },
  "alexsmobs:alexsmobs/root": {
    "criteria": {
      "useitem": "2024-09-17 02:54:25 +0000"
    },
    "done": true
  },
  "minecraft:husbandry/root": {
    "criteria": {
      "consumed_item": "2024-09-17 02:54:25 +0000"
    },
    "done": true
  },
  "minecraft:recipes/redstone/birch_button": {
    "criteria": {
      "has_planks": "2024-09-17 02:56:34 +0000"
    },
    "done": true
  },
  "minecraft:recipes/redstone/birch_door": {
    "criteria": {
      "has_planks": "2024-09-17 02:56:34 +0000"
    },
    "done": true
  },
  "minecraft:recipes/decorations/birch_fence": {
    "criteria": {
      "has_planks": "2024-09-17 02:56:34 +0000"
    },
    "done": true
  },
  "minecraft:recipes/misc/stick": {
    "criteria": {
      "has_planks": "2024-09-17 02:56:34 +0000"
    },
    "done": true
  },
  "minecraft:recipes/decorations/birch_sign": {
    "criteria": {
      "has_planks": "2024-09-17 02:56:34 +0000"
    },
    "done": true
  },
  "minecraft:recipes/redstone/birch_fence_gate": {
    "criteria": {
      "has_planks": "2024-09-17 02:56:34 +0000"
    },
    "done": true
  },
  "minecraft:recipes/building_blocks/birch_slab": {
    "criteria": {
      "has_planks": "2024-09-17 02:56:34 +0000"
    },
    "done": true
  },
  "minecraft:recipes/building_blocks/birch_stairs": {
    "criteria": {
      "has_planks": "2024-09-17 02:56:34 +0000"
    },
    "done": true
  },
  "minecraft:recipes/building_blocks/birch_planks": {
    "criteria": {
      "has_the_recipe": "2024-09-17 02:56:34 +0000"
    },
    "done": true
  },
  "minecraft:recipes/decorations/barrel": {
    "criteria": {
      "has_planks": "2024-09-17 02:56:34 +0000"
    },
    "done": true
  },
  "iceandfire:recipes/misc/earplugs": {
    "criteria": {
      "has_item": "2024-09-17 02:56:34 +0000"
    },
    "done": true
  },
  "farmersdelight:main/root": {
    "criteria": {
      "seeds": "2024-09-17 02:56:34 +0000"
    },
    "done": true
  },
  "minecraft:recipes/redstone/birch_trapdoor": {
    "criteria": {
      "has_planks": "2024-09-17 02:56:34 +0000"
    },
    "done": true
  },
  "minecraft:recipes/redstone/birch_pressure_plate": {
    "criteria": {
      "has_planks": "2024-09-17 02:56:34 +0000"
    },
    "done": true
  },
  "minecraft:recipes/tools/wooden_pickaxe": {
    "criteria": {
      "has_the_recipe": "2024-09-17 02:57:48 +0000"
    },
    "done": true
  },
  "minecraft:recipes/transportation/cherry_boat": {
    "criteria": {
      "in_water": "2024-09-17 02:57:52 +0000"
    },
    "done": true
  },
  "minecraft:recipes/transportation/bamboo_raft": {
    "criteria": {
      "in_water": "2024-09-17 02:57:52 +0000"
    },
    "done": true
  },
  "minecraft:recipes/transportation/acacia_boat": {
    "criteria": {
      "in_water": "2024-09-17 02:57:52 +0000"
    },
    "done": true
  },
  "minecraft:recipes/transportation/jungle_boat": {
    "criteria": {
      "in_water": "2024-09-17 02:57:52 +0000"
    },
    "done": true
  },
  "minecraft:recipes/transportation/spruce_boat": {
    "criteria": {
      "in_water": "2024-09-17 02:57:52 +0000"
    },
    "done": true
  },
  "minecraft:recipes/transportation/birch_boat": {
    "criteria": {
      "in_water": "2024-09-17 02:57:52 +0000"
    },
    "done": true
  },
  "minecraft:recipes/transportation/oak_boat": {
    "criteria": {
      "in_water": "2024-09-17 02:57:52 +0000"
    },
    "done": true
  },
  "minecraft:recipes/transportation/mangrove_boat": {
    "criteria": {
      "in_water": "2024-09-17 02:57:52 +0000"
    },
    "done": true
  },
  "minecraft:recipes/transportation/dark_oak_boat": {
    "criteria": {
      "in_water": "2024-09-17 02:57:52 +0000"
    },
    "done": true
  },
  "tombstone:adventure/first_grave": {
    "criteria": {
      "coded_trigger": "2024-09-17 02:58:28 +0000"
    },
    "done": true
  },
  "tombstone:recipes/from_grave_key": {
    "criteria": {
      "has_ingredient": "2024-09-17 02:58:29 +0000"
    },
    "done": true
  },
  "tombstone:adventure/cancel_ghostly_shape": {
    "criteria": {
      "coded_trigger": "2024-09-17 02:58:29 +0000"
    },
    "done": true
  },
  "tombstone:recipes/from_grave_dust": {
    "criteria": {
      "has_ingredient": "2024-09-17 03:06:13 +0000"
    },
    "done": true
  },
  "minecraft:recipes/tools/stone_pickaxe": {
    "criteria": {
      "has_the_recipe": "2024-09-17 04:54:23 +0000"
    },
    "done": true
  },
  "minecraft:recipes/decorations/torch": {
    "criteria": {
      "has_stone_pickaxe": "2024-09-17 04:54:23 +0000"
    },
    "done": true
  },
  "minecraft:story/upgrade_tools": {
    "criteria": {
      "stone_pickaxe": "2024-09-17 04:54:23 +0000"
    },
    "done": true
  },
  "minecraft:recipes/decorations/ladder": {
    "criteria": {
      "has_stick": "2024-09-17 04:55:18 +0000"
    },
    "done": true
  },
  "alekiships:crafting/oar": {
    "criteria": {
      "has_item": "2024-09-17 04:55:18 +0000"
    },
    "done": true
  },
  "minecraft:recipes/tools/wooden_axe": {
    "criteria": {
      "has_stick": "2024-09-17 04:55:18 +0000"
    },
    "done": true
  },
  "swem:recipes/misc/western_fence_acacia": {
    "criteria": {
      "has_stick": "2024-09-17 04:55:18 +0000"
    },
    "done": true
  },
  "swem:recipes/misc/pasture_fence_whitewash": {
    "criteria": {
      "has_stick": "2024-09-17 04:55:18 +0000"
    },
    "done": true
  },
  "minecraft:recipes/decorations/campfire": {
    "criteria": {
      "has_stick": "2024-09-17 04:55:18 +0000"
    },
    "done": true
  },
  "minecraft:recipes/tools/wooden_hoe": {
    "criteria": {
      "has_stick": "2024-09-17 04:55:18 +0000"
    },
    "done": true
  },
  "swem:recipes/misc/western_fence_spruce": {
    "criteria": {
      "has_stick": "2024-09-17 04:55:18 +0000"
    },
    "done": true
  },
  "swem:recipes/misc/pasture_fence_acacia": {
    "criteria": {
      "has_stick": "2024-09-17 04:55:18 +0000"
    },
    "done": true
  },
  "minecraft:recipes/tools/wooden_shovel": {
    "criteria": {
      "has_stick": "2024-09-17 04:55:18 +0000"
    },
    "done": true
  },
  "paraglider:recipes/misc/paraglider": {
    "criteria": {
      "has_stick": "2024-09-17 04:55:18 +0000"
    },
    "done": true
  },
  "minecraft:recipes/combat/wooden_sword": {
    "criteria": {
      "has_stick": "2024-09-17 04:55:18 +0000"
    },
    "done": true
  },
  "swem:recipes/misc/western_fence_oak": {
    "criteria": {
      "has_stick": "2024-09-17 04:55:18 +0000"
    },
    "done": true
  },
  "farmersdelight:recipes/combat/flint_knife": {
    "criteria": {
      "has_stick": "2024-09-17 04:55:18 +0000"
    },
    "done": true
  },
  "swem:recipes/misc/pasture_fence_spruce": {
    "criteria": {
      "has_stick": "2024-09-17 04:55:18 +0000"
    },
    "done": true
  },
  "swem:recipes/misc/western_fence_jungle": {
    "criteria": {
      "has_stick": "2024-09-17 04:55:18 +0000"
    },
    "done": true
  },
  "swem:recipes/misc/pasture_fence_oak": {
    "criteria": {
      "has_stick": "2024-09-17 04:55:18 +0000"
    },
    "done": true
  },
  "swem:recipes/misc/pasture_fence_birch": {
    "criteria": {
      "has_stick": "2024-09-17 04:55:18 +0000"
    },
    "done": true
  },
  "swem:recipes/misc/western_fence_birch": {
    "criteria": {
      "has_stick": "2024-09-17 04:55:18 +0000"
    },
    "done": true
  },
  "swem:recipes/misc/pasture_fence_jungle": {
    "criteria": {
      "has_stick": "2024-09-17 04:55:18 +0000"
    },
    "done": true
  },
  "swem:recipes/misc/western_fence_whitewash": {
    "criteria": {
      "has_stick": "2024-09-17 04:55:18 +0000"
    },
    "done": true
  },
  "farmersdelight:recipes/decorations/cutting_board": {
    "criteria": {
      "has_stick": "2024-09-17 04:55:18 +0000"
    },
    "done": true
  },
  "swem:recipes/misc/western_fence_dark_oak": {
    "criteria": {
      "has_stick": "2024-09-17 04:55:18 +0000"
    },
    "done": true
  },
  "swem:recipes/misc/pasture_fence_dark_oak": {
    "criteria": {
      "has_stick": "2024-09-17 04:55:18 +0000"
    },
    "done": true
  },
  "minecraft:recipes/tools/stone_axe": {
    "criteria": {
      "has_the_recipe": "2024-09-17 04:55:20 +0000"
    },
    "done": true
  },
  "minecraft:recipes/decorations/chest": {
    "criteria": {
      "has_lots_of_items": "2024-09-17 04:57:26 +0000"
    },
    "done": true
  },
  "minecraft:recipes/misc/charcoal": {
    "criteria": {
      "has_log": "2024-09-17 04:57:26 +0000"
    },
    "done": true
  },
  "minecraft:recipes/building_blocks/oak_planks": {
    "criteria": {
      "has_logs": "2024-09-17 04:57:26 +0000"
    },
    "done": true
  },
  "minecraft:recipes/building_blocks/oak_wood": {
    "criteria": {
      "has_log": "2024-09-17 04:57:26 +0000"
    },
    "done": true
  },
  "minecraft:recipes/decorations/oak_sign": {
    "criteria": {
      "has_planks": "2024-09-17 05:00:35 +0000"
    },
    "done": true
  },
  "minecraft:recipes/building_blocks/oak_slab": {
    "criteria": {
      "has_planks": "2024-09-17 05:00:35 +0000"
    },
    "done": true
  },
  "minecraft:recipes/redstone/oak_fence_gate": {
    "criteria": {
      "has_planks": "2024-09-17 05:00:35 +0000"
    },
    "done": true
  },
  "minecraft:recipes/redstone/oak_door": {
    "criteria": {
      "has_planks": "2024-09-17 05:00:35 +0000"
    },
    "done": true
  },
  "minecraft:recipes/redstone/oak_trapdoor": {
    "criteria": {
      "has_planks": "2024-09-17 05:00:35 +0000"
    },
    "done": true
  },
  "minecraft:recipes/building_blocks/oak_stairs": {
    "criteria": {
      "has_planks": "2024-09-17 05:00:35 +0000"
    },
    "done": true
  },
  "minecraft:recipes/decorations/oak_fence": {
    "criteria": {
      "has_planks": "2024-09-17 05:00:35 +0000"
    },
    "done": true
  },
  "minecraft:recipes/redstone/oak_button": {
    "criteria": {
      "has_planks": "2024-09-17 05:00:35 +0000"
    },
    "done": true
  },
  "minecraft:recipes/redstone/oak_pressure_plate": {
    "criteria": {
      "has_planks": "2024-09-17 05:00:35 +0000"
    },
    "done": true
  },
  "minecraft:recipes/building_blocks/lapis_block": {
    "criteria": {
      "has_lapis_lazuli": "2024-09-17 05:00:54 +0000"
    },
    "done": true
  },
  "minecraft:recipes/misc/blue_dye": {
    "criteria": {
      "has_lapis_lazuli": "2024-09-17 05:00:54 +0000"
    },
    "done": true
  },
  "travelersbackpack:recipes/misc/lapis": {
    "criteria": {
      "has_lapis_lazuli": "2024-09-17 05:00:54 +0000"
    },
    "done": true
  },
  "illusion_onslaught:mysterious_people": {
    "criteria": {
      "mysterious_people": "2024-09-17 05:00:58 +0000"
    },
    "done": true
  },
  "minecraft:story/mine_stone": {
    "criteria": {
      "get_stone": "2024-09-17 05:02:29 +0000"
    },
    "done": true
  },
  "minecraft:recipes/decorations/furnace": {
    "criteria": {
      "has_cobblestone": "2024-09-17 05:02:29 +0000"
    },
    "done": true
  },
  "minecraft:recipes/building_blocks/cobblestone_slab_from_cobblestone_stonecutting": {
    "criteria": {
      "has_cobblestone": "2024-09-17 05:02:29 +0000"
    },
    "done": true
  },
  "minecraft:recipes/building_blocks/stone": {
    "criteria": {
      "has_cobblestone": "2024-09-17 05:02:29 +0000"
    },
    "done": true
  },
  "minecraft:recipes/building_blocks/cobblestone_slab": {
    "criteria": {
      "has_cobblestone": "2024-09-17 05:02:29 +0000"
    },
    "done": true
  },
  "minecraft:recipes/decorations/cobblestone_wall_from_cobblestone_stonecutting": {
    "criteria": {
      "has_cobblestone": "2024-09-17 05:02:29 +0000"
    },
    "done": true
  },
  "minecraft:recipes/building_blocks/cobblestone_stairs": {
    "criteria": {
      "has_cobblestone": "2024-09-17 05:02:29 +0000"
    },
    "done": true
  },
  "minecraft:recipes/tools/stone_shovel": {
    "criteria": {
      "has_cobblestone": "2024-09-17 05:02:29 +0000"
    },
    "done": true
  },
  "minecraft:recipes/redstone/lever": {
    "criteria": {
      "has_cobblestone": "2024-09-17 05:02:29 +0000"
    },
    "done": true
  },
  "minecraft:recipes/combat/stone_sword": {
    "criteria": {
      "has_cobblestone": "2024-09-17 05:02:29 +0000"
    },
    "done": true
  },
  "minecraft:recipes/decorations/cobblestone_wall": {
    "criteria": {
      "has_cobblestone": "2024-09-17 05:02:29 +0000"
    },
    "done": true
  },
  "minecraft:recipes/building_blocks/cobblestone_stairs_from_cobblestone_stonecutting": {
    "criteria": {
      "has_cobblestone": "2024-09-17 05:02:29 +0000"
    },
    "done": true
  },
  "minecraft:recipes/tools/stone_hoe": {
    "criteria": {
      "has_cobblestone": "2024-09-17 05:02:29 +0000"
    },
    "done": true
  },
  "minecraft:adventure/root": {
    "criteria": {
      "killed_something": "2024-09-17 05:03:01 +0000"
    },
    "done": true
  },
  "swem:recipes/misc/pasture_cyan_care": {
    "criteria": {
      "has_iron_ingot": "2024-09-17 05:05:15 +0000"
    },
    "done": true
  },
  "swem:recipes/misc/pasture_magenta_care": {
    "criteria": {
      "has_iron_ingot": "2024-09-17 05:05:15 +0000"
    },
    "done": true
  },
  "swem:recipes/misc/pasture_lime_care": {
    "criteria": {
      "has_iron_ingot": "2024-09-17 05:05:15 +0000"
    },
    "done": true
  },
  "farmersdelight:recipes/decorations/cooking_pot": {
    "criteria": {
      "has_iron_ingot": "2024-09-17 05:05:15 +0000"
    },
    "done": true
  },
  "swem:recipes/misc/tack_box_cyan": {
    "criteria": {
      "has_iron_ingot": "2024-09-17 05:05:15 +0000"
    },
    "done": true
  },
  "swem:recipes/misc/tack_box_blue": {
    "criteria": {
      "has_iron_ingot": "2024-09-17 05:05:15 +0000"
    },
    "done": true
  },
  "swem:recipes/misc/tack_box_orange": {
    "criteria": {
      "has_iron_ingot": "2024-09-17 05:05:15 +0000"
    },
    "done": true
  },
  "minecraft:recipes/combat/iron_boots": {
    "criteria": {
      "has_iron_ingot": "2024-09-17 05:05:15 +0000"
    },
    "done": true
  },
  "swem:recipes/misc/pasture_blue_care": {
    "criteria": {
      "has_iron_ingot": "2024-09-17 05:05:15 +0000"
    },
    "done": true
  },
  "swem:recipes/misc/pasture_green_horse": {
    "criteria": {
      "has_iron_ingot": "2024-09-17 05:05:15 +0000"
    },
    "done": true
  },
  "swem:recipes/misc/pasture_pink_care": {
    "criteria": {
      "has_iron_ingot": "2024-09-17 05:05:15 +0000"
    },
    "done": true
  },
  "minecraft:recipes/redstone/iron_trapdoor": {
    "criteria": {
      "has_iron_ingot": "2024-09-17 05:05:15 +0000"
    },
    "done": true
  },
  "minecraft:recipes/combat/crossbow": {
    "criteria": {
      "has_iron_ingot": "2024-09-17 05:05:15 +0000"
    },
    "done": true
  },
  "swem:recipes/misc/plate_iron": {
    "criteria": {
      "has_ingredient": "2024-09-17 05:05:15 +0000"
    },
    "done": true
  },
  "swem:recipes/misc/pasture_light_blue_horse": {
    "criteria": {
      "has_iron_ingot": "2024-09-17 05:05:15 +0000"
    },
    "done": true
  },
  "minecraft:recipes/transportation/minecart": {
    "criteria": {
      "has_iron_ingot": "2024-09-17 05:05:15 +0000"
    },
    "done": true
  },
  "swem:recipes/misc/pasture_red_horse": {
    "criteria": {
      "has_iron_ingot": "2024-09-17 05:05:15 +0000"
    },
    "done": true
  },
  "swem:recipes/misc/pasture_green_care": {
    "criteria": {
      "has_iron_ingot": "2024-09-17 05:05:15 +0000"
    },
    "done": true
  },
  "alekiships:crafting/cleat": {
    "criteria": {
      "has_item": "2024-09-17 05:05:15 +0000"
    },
    "done": true
  },
  "swem:recipes/misc/pasture_light_gray_care": {
    "criteria": {
      "has_iron_ingot": "2024-09-17 05:05:15 +0000"
    },
    "done": true
  },
  "minecraft:recipes/decorations/chain": {
    "criteria": {
      "has_iron_ingot": "2024-09-17 05:05:15 +0000"
    },
    "done": true
  },
  "swem:recipes/misc/tack_box_green": {
    "criteria": {
      "has_iron_ingot": "2024-09-17 05:05:15 +0000"
    },
    "done": true
  },
  "swem:recipes/misc/tack_box_light_blue": {
    "criteria": {
      "has_iron_ingot": "2024-09-17 05:05:15 +0000"
    },
    "done": true
  },
  "minecraft:recipes/tools/iron_pickaxe": {
    "criteria": {
      "has_iron_ingot": "2024-09-17 05:05:15 +0000"
    },
    "done": true
  },
  "swem:recipes/misc/pasture_magenta_horse": {
    "criteria": {
      "has_iron_ingot": "2024-09-17 05:05:15 +0000"
    },
    "done": true
  },
  "minecraft:recipes/combat/shield": {
    "criteria": {
      "has_iron_ingot": "2024-09-17 05:05:15 +0000"
    },
    "done": true
  },
  "swem:recipes/misc/pasture_gray_horse": {
    "criteria": {
      "has_iron_ingot": "2024-09-17 05:05:15 +0000"
    },
    "done": true
  },
  "swem:recipes/misc/pasture_red_care": {
    "criteria": {
      "has_iron_ingot": "2024-09-17 05:05:15 +0000"
    },
    "done": true
  },
  "travelersbackpack:recipes/misc/iron_tier_upgrade": {
    "criteria": {
      "has_iron_ingot": "2024-09-17 05:05:15 +0000"
    },
    "done": true
  },
  "travelersbackpack:recipes/misc/hose_nozzle": {
    "criteria": {
      "has_iron": "2024-09-17 05:05:15 +0000"
    },
    "done": true
  },
  "minecraft:recipes/tools/iron_axe": {
    "criteria": {
      "has_iron_ingot": "2024-09-17 05:05:15 +0000"
    },
    "done": true
  },
  "swem:recipes/misc/pasture_light_blue_care": {
    "criteria": {
      "has_iron_ingot": "2024-09-17 05:05:15 +0000"
    },
    "done": true
  },
  "swem:recipes/misc/pasture_white_horse": {
    "criteria": {
      "has_iron_ingot": "2024-09-17 05:05:16 +0000"
    },
    "done": true
  },
  "travelersbackpack:recipes/misc/backpack_tank": {
    "criteria": {
      "has_iron": "2024-09-17 05:05:16 +0000"
    },
    "done": true
  },
  "minecraft:recipes/combat/iron_helmet": {
    "criteria": {
      "has_iron_ingot": "2024-09-17 05:05:16 +0000"
    },
    "done": true
  },
  "swem:recipes/misc/pasture_brown_care": {
    "criteria": {
      "has_iron_ingot": "2024-09-17 05:05:16 +0000"
    },
    "done": true
  },
  "alekiships:crafting/cannonball": {
    "criteria": {
      "has_item": "2024-09-17 05:05:16 +0000"
    },
    "done": true
  },
  "minecraft:recipes/tools/shears": {
    "criteria": {
      "has_iron_ingot": "2024-09-17 05:05:16 +0000"
    },
    "done": true
  },
  "swem:recipes/misc/pasture_lime_horse": {
    "criteria": {
      "has_iron_ingot": "2024-09-17 05:05:16 +0000"
    },
    "done": true
  },
  "swem:recipes/misc/pasture_light_gray_horse": {
    "criteria": {
      "has_iron_ingot": "2024-09-17 05:05:16 +0000"
    },
    "done": true
  },
  "minecraft:recipes/building_blocks/iron_block": {
    "criteria": {
      "has_iron_ingot": "2024-09-17 05:05:16 +0000"
    },
    "done": true
  },
  "alekiships:crafting/cannon": {
    "criteria": {
      "has_item": "2024-09-17 05:05:16 +0000"
    },
    "done": true
  },
  "swem:recipes/misc/tack_box_lime": {
    "criteria": {
      "has_iron_ingot": "2024-09-17 05:05:16 +0000"
    },
    "done": true
  },
  "minecraft:recipes/redstone/hopper": {
    "criteria": {
      "has_iron_ingot": "2024-09-17 05:05:16 +0000"
    },
    "done": true
  },
  "swem:recipes/misc/tack_box_purple": {
    "criteria": {
      "has_iron_ingot": "2024-09-17 05:05:16 +0000"
    },
    "done": true
  },
  "travelersbackpack:recipes/misc/iron": {
    "criteria": {
      "has_iron_ingot": "2024-09-17 05:05:16 +0000"
    },
    "done": true
  },
  "alekiships:crafting/anchor": {
    "criteria": {
      "has_item": "2024-09-17 05:05:16 +0000"
    },
    "done": true
  },
  "minecraft:recipes/decorations/lantern": {
    "criteria": {
      "has_iron_ingot": "2024-09-17 05:05:16 +0000"
    },
    "done": true
  },
  "swem:recipes/misc/pasture_gray_care": {
    "criteria": {
      "has_iron_ingot": "2024-09-17 05:05:16 +0000"
    },
    "done": true
  },
  "minecraft:recipes/tools/iron_shovel": {
    "criteria": {
      "has_iron_ingot": "2024-09-17 05:05:16 +0000"
    },
    "done": true
  },
  "swem:recipes/misc/pasture_blue_horse": {
    "criteria": {
      "has_iron_ingot": "2024-09-17 05:05:16 +0000"
    },
    "done": true
  },
  "swem:recipes/misc/pasture_purple_horse": {
    "criteria": {
      "has_iron_ingot": "2024-09-17 05:05:16 +0000"
    },
    "done": true
  },
  "swem:recipes/misc/tack_box_magenta": {
    "criteria": {
      "has_iron_ingot": "2024-09-17 05:05:16 +0000"
    },
    "done": true
  },
  "alekiships:crafting/oarlock": {
    "criteria": {
      "has_item": "2024-09-17 05:05:16 +0000"
    },
    "done": true
  },
  "swem:recipes/misc/pasture_cyan_horse": {
    "criteria": {
      "has_iron_ingot": "2024-09-17 05:05:16 +0000"
    },
    "done": true
  },
  "farmersdelight:recipes/combat/iron_knife": {
    "criteria": {
      "has_iron_ingot": "2024-09-17 05:05:16 +0000"
    },
    "done": true
  },
  "swem:recipes/misc/tack_box_red": {
    "criteria": {
      "has_iron_ingot": "2024-09-17 05:05:16 +0000"
    },
    "done": true
  },
  "minecraft:recipes/redstone/heavy_weighted_pressure_plate": {
    "criteria": {
      "has_iron_ingot": "2024-09-17 05:05:16 +0000"
    },
    "done": true
  },
  "minecraft:recipes/combat/iron_leggings": {
    "criteria": {
      "has_iron_ingot": "2024-09-17 05:05:16 +0000"
    },
    "done": true
  },
  "minecraft:recipes/combat/iron_chestplate": {
    "criteria": {
      "has_iron_ingot": "2024-09-17 05:05:16 +0000"
    },
    "done": true
  },
  "swem:recipes/misc/tack_box_light_gray": {
    "criteria": {
      "has_iron_ingot": "2024-09-17 05:05:16 +0000"
    },
    "done": true
  },
  "minecraft:recipes/misc/iron_nugget": {
    "criteria": {
      "has_iron_ingot": "2024-09-17 05:05:16 +0000"
    },
    "done": true
  },
  "swem:recipes/misc/tack_box_white": {
    "criteria": {
      "has_iron_ingot": "2024-09-17 05:05:16 +0000"
    },
    "done": true
  },
  "minecraft:recipes/misc/bucket": {
    "criteria": {
      "has_iron_ingot": "2024-09-17 05:05:16 +0000"
    },
    "done": true
  },
  "minecraft:recipes/tools/iron_hoe": {
    "criteria": {
      "has_iron_ingot": "2024-09-17 05:05:16 +0000"
    },
    "done": true
  },
  "swem:recipes/misc/pasture_purple_care": {
    "criteria": {
      "has_iron_ingot": "2024-09-17 05:05:16 +0000"
    },
    "done": true
  },
  "swem:recipes/misc/pasture_orange_horse": {
    "criteria": {
      "has_iron_ingot": "2024-09-17 05:05:16 +0000"
    },
    "done": true
  },
  "minecraft:story/smelt_iron": {
    "criteria": {
      "iron": "2024-09-17 05:05:16 +0000"
    },
    "done": true
  },
  "swem:recipes/misc/pasture_yellow_care": {
    "criteria": {
      "has_iron_ingot": "2024-09-17 05:05:16 +0000"
    },
    "done": true
  },
  "swem:recipes/misc/tack_box_pink": {
    "criteria": {
      "has_iron_ingot": "2024-09-17 05:05:16 +0000"
    },
    "done": true
  },
  "swem:recipes/misc/pasture_orange_care": {
    "criteria": {
      "has_iron_ingot": "2024-09-17 05:05:16 +0000"
    },
    "done": true
  },
  "minecraft:recipes/decorations/smithing_table": {
    "criteria": {
      "has_iron_ingot": "2024-09-17 05:05:16 +0000"
    },
    "done": true
  },
  "swem:recipes/misc/tack_box_black": {
    "criteria": {
      "has_iron_ingot": "2024-09-17 05:05:16 +0000"
    },
    "done": true
  },
  "minecraft:recipes/combat/iron_sword": {
    "criteria": {
      "has_iron_ingot": "2024-09-17 05:05:16 +0000"
    },
    "done": true
  },
  "swem:recipes/misc/tack_box_brown": {
    "criteria": {
      "has_iron_ingot": "2024-09-17 05:05:16 +0000"
    },
    "done": true
  },
  "minecraft:recipes/decorations/iron_bars": {
    "criteria": {
      "has_iron_ingot": "2024-09-17 05:05:16 +0000"
    },
    "done": true
  },
  "swem:recipes/misc/pasture_black_care": {
    "criteria": {
      "has_iron_ingot": "2024-09-17 05:05:16 +0000"
    },
    "done": true
  },
  "swem:recipes/misc/pasture_brown_horse": {
    "criteria": {
      "has_iron_ingot": "2024-09-17 05:05:16 +0000"
    },
    "done": true
  },
  "swem:recipes/misc/rivet_iron": {
    "criteria": {
      "has_ingredient": "2024-09-17 05:05:16 +0000"
    },
    "done": true
  },
  "swem:recipes/misc/pasture_black_horse": {
    "criteria": {
      "has_iron_ingot": "2024-09-17 05:05:16 +0000"
    },
    "done": true
  },
  "swem:recipes/misc/tack_box_gray": {
    "criteria": {
      "has_iron_ingot": "2024-09-17 05:05:16 +0000"
    },
    "done": true
  },
  "swem:recipes/misc/pasture_white_care": {
    "criteria": {
      "has_iron_ingot": "2024-09-17 05:05:16 +0000"
    },
    "done": true
  },
  "swem:recipes/misc/pasture_yellow_horse": {
    "criteria": {
      "has_iron_ingot": "2024-09-17 05:05:16 +0000"
    },
    "done": true
  },
  "swem:recipes/misc/tack_box_yellow": {
    "criteria": {
      "has_iron_ingot": "2024-09-17 05:05:16 +0000"
    },
    "done": true
  },
  "swem:recipes/misc/pasture_pink_horse": {
    "criteria": {
      "has_iron_ingot": "2024-09-17 05:05:16 +0000"
    },
    "done": true
  },
  "minecraft:recipes/redstone/iron_door": {
    "criteria": {
      "has_iron_ingot": "2024-09-17 05:05:16 +0000"
    },
    "done": true
  },
  "minecraft:recipes/redstone/redstone_torch": {
    "criteria": {
      "has_redstone": "2024-09-17 05:05:29 +0000"
    },
    "done": true
  },
  "minecraft:recipes/redstone/target": {
    "criteria": {
      "has_redstone": "2024-09-17 05:05:29 +0000"
    },
    "done": true
  },
  "minecraft:recipes/tools/compass": {
    "criteria": {
      "has_redstone": "2024-09-17 05:05:29 +0000"
    },
    "done": true
  },
  "minecraft:recipes/redstone/redstone_block": {
    "criteria": {
      "has_redstone": "2024-09-17 05:05:29 +0000"
    },
    "done": true
  },
  "minecraft:recipes/tools/clock": {
    "criteria": {
      "has_redstone": "2024-09-17 05:05:29 +0000"
    },
    "done": true
  },
  "minecraft:recipes/redstone/note_block": {
    "criteria": {
      "has_redstone": "2024-09-17 05:05:29 +0000"
    },
    "done": true
  },
  "travelersbackpack:recipes/misc/redstone": {
    "criteria": {
      "has_redstone": "2024-09-17 05:05:29 +0000"
    },
    "done": true
  },
  "minecraft:recipes/redstone/dropper": {
    "criteria": {
      "has_redstone": "2024-09-17 05:05:29 +0000"
    },
    "done": true
  },
  "minecraft:recipes/redstone/piston": {
    "criteria": {
      "has_redstone": "2024-09-17 05:05:29 +0000"
    },
    "done": true
  },
  "farmersdelight:recipes/cooking/dog_food": {
    "criteria": {
      "has_any_ingredient": "2024-09-17 05:08:05 +0000"
    },
    "done": true
  },
  "farmersdelight:recipes/building_blocks/organic_compost_from_rotten_flesh": {
    "criteria": {
      "has_rotten_flesh": "2024-09-17 05:08:05 +0000"
    },
    "done": true
  },
  "minecraft:husbandry/balanced_diet": {
    "criteria": {
      "cooked_mutton": "2024-09-17 05:42:02 +0000",
      "apple": "2024-09-17 05:27:21 +0000",
      "mutton": "2024-09-17 05:34:07 +0000",
      "bread": "2024-09-17 05:11:54 +0000",
      "golden_apple": "2024-09-17 05:08:24 +0000",
      "carrot": "2024-09-17 05:08:29 +0000"
    },
    "done": false
  },
  "minecraft:recipes/food/bread": {
    "criteria": {
      "has_wheat": "2024-09-17 05:08:46 +0000"
    },
    "done": true
  },
  "minecraft:recipes/building_blocks/hay_block": {
    "criteria": {
      "has_wheat": "2024-09-17 05:08:46 +0000"
    },
    "done": true
  },
  "farmersdelight:recipes/food/pie_crust": {
    "criteria": {
      "has_wheat": "2024-09-17 05:08:46 +0000"
    },
    "done": true
  },
  "travelersbackpack:recipes/misc/hay": {
    "criteria": {
      "has_wheat": "2024-09-17 05:08:46 +0000"
    },
    "done": true
  },
  "farmersdelight:recipes/food/wheat_dough_from_eggs": {
    "criteria": {
      "has_wheat": "2024-09-17 05:08:46 +0000"
    },
    "done": true
  },
  "farmersdelight:recipes/food/wheat_dough_from_water": {
    "criteria": {
      "has_wheat": "2024-09-17 05:08:46 +0000"
    },
    "done": true
  },
  "tombstone:adventure/find_grave_dust": {
    "criteria": {
      "from_undead": "2024-09-17 05:09:25 +0000"
    },
    "done": true
  },
  "tombstone:adventure/first_knowledge": {
    "criteria": {
      "coded_trigger": "2024-09-17 05:09:25 +0000"
    },
    "done": true
  },
  "minecraft:recipes/misc/bone_meal": {
    "criteria": {
      "has_bone": "2024-09-17 05:09:47 +0000"
    },
    "done": true
  },
  "farmersdelight:recipes/cooking/bone_broth": {
    "criteria": {
      "has_bone": "2024-09-17 05:09:47 +0000"
    },
    "done": true
  },
  "travelersbackpack:recipes/misc/wolf": {
    "criteria": {
      "has_bone": "2024-09-17 05:09:47 +0000"
    },
    "done": true
  },
  "minecraft:recipes/misc/lapis_lazuli": {
    "criteria": {
      "has_the_recipe": "2024-09-17 05:10:15 +0000"
    },
    "done": true
  },
  "farmersdelight:recipes/cooking/apple_cider": {
    "criteria": {
      "has_apple": "2024-09-17 05:10:28 +0000"
    },
    "done": true
  },
  "luminousworld:kill_treent": {
    "criteria": {
      "kill_treent_0": "2024-09-17 05:13:34 +0000"
    },
    "done": true
  },
  "illusion_onslaught:cultruins": {
    "criteria": {
      "cultruins": "2024-09-17 05:13:59 +0000"
    },
    "done": true
  },
  "goblins_tyranny:bag_success": {
    "criteria": {
      "bag_success_0": "2024-09-17 05:18:07 +0000"
    },
    "done": true
  },
  "goblins_tyranny:bomb_success": {
    "criteria": {
      "bomb_success_0": "2024-09-17 05:18:08 +0000"
    },
    "done": true
  },
  "tombstone:adventure/use_aquatic_life": {
    "criteria": {
      "has_magic_scroll": "2024-09-17 05:18:19 +0000"
    },
    "done": true
  },
  "tombstone:adventure/create_magic_scroll": {
    "criteria": {
      "has_magic_scroll": "2024-09-17 05:18:21 +0000"
    },
    "done": true
  },
  "tombstone:adventure/use_preservation": {
    "criteria": {
      "has_magic_scroll": "2024-09-17 05:18:26 +0000"
    },
    "done": true
  },
  "goblins_tyranny:goblin_liquor_success": {
    "criteria": {
      "goblin_liquor_success_0": "2024-09-17 05:18:50 +0000"
    },
    "done": true
  },
  "minecraft:recipes/combat/leather_helmet": {
    "criteria": {
      "has_leather": "2024-09-17 05:20:32 +0000"
    },
    "done": true
  },
  "minecraft:recipes/combat/leather_chestplate": {
    "criteria": {
      "has_leather": "2024-09-17 05:20:32 +0000"
    },
    "done": true
  },
  "minecraft:recipes/misc/leather_horse_armor": {
    "criteria": {
      "has_leather": "2024-09-17 05:20:32 +0000"
    },
    "done": true
  },
  "travelersbackpack:recipes/misc/horse": {
    "criteria": {
      "has_leather": "2024-09-17 05:20:32 +0000"
    },
    "done": true
  },
  "minecraft:recipes/decorations/item_frame": {
    "criteria": {
      "has_leather": "2024-09-17 05:20:32 +0000"
    },
    "done": true
  },
  "minecraft:recipes/combat/leather_boots": {
    "criteria": {
      "has_leather": "2024-09-17 05:20:32 +0000"
    },
    "done": true
  },
  "minecraft:recipes/combat/leather_leggings": {
    "criteria": {
      "has_leather": "2024-09-17 05:20:32 +0000"
    },
    "done": true
  },
  "iceandfire:recipes/misc/blindfold": {
    "criteria": {
      "has_item": "2024-09-17 05:20:32 +0000"
    },
    "done": true
  },
  "swem:recipes/misc/leather_treated": {
    "criteria": {
      "has_leather": "2024-09-17 05:20:32 +0000"
    },
    "done": true
  },
  "goblins_tyranny:blazing_liquor_success": {
    "criteria": {
      "blazing_liquor_success_0": "2024-09-17 05:20:41 +0000"
    },
    "done": true
  },
  "goblins_tyranny:barrel_success": {
    "criteria": {
      "barrel_success_0": "2024-09-17 05:21:07 +0000"
    },
    "done": true
  },
  "goblins_tyranny:goblins_encounter_success": {
    "criteria": {
      "goblins_encounter_success_0": "2024-09-17 05:21:28 +0000"
    },
    "done": true
  },
  "swem:recipes/misc/boots_riding_leather": {
    "criteria": {
      "has_boots": "2024-09-17 05:22:17 +0000"
    },
    "done": true
  },
  "swem:recipes/misc/bin_grain_spruce": {
    "criteria": {
      "has_chest": "2024-09-17 05:23:07 +0000"
    },
    "done": true
  },
  "swem:recipes/misc/bin_grain_purple": {
    "criteria": {
      "has_chest": "2024-09-17 05:23:07 +0000"
    },
    "done": true
  },
  "swem:recipes/misc/bin_grain_light_blue": {
    "criteria": {
      "has_chest": "2024-09-17 05:23:07 +0000"
    },
    "done": true
  },
  "swem:recipes/misc/bin_grain_jungle": {
    "criteria": {
      "has_chest": "2024-09-17 05:23:07 +0000"
    },
    "done": true
  },
  "swem:recipes/misc/bin_grain_orange": {
    "criteria": {
      "has_chest": "2024-09-17 05:23:07 +0000"
    },
    "done": true
  },
  "swem:recipes/misc/bin_grain_dark_oak": {
    "criteria": {
      "has_chest": "2024-09-17 05:23:07 +0000"
    },
    "done": true
  },
  "swem:recipes/misc/bin_grain_brown": {
    "criteria": {
      "has_chest": "2024-09-17 05:23:07 +0000"
    },
    "done": true
  },
  "swem:recipes/misc/bin_grain_pink": {
    "criteria": {
      "has_chest": "2024-09-17 05:23:07 +0000"
    },
    "done": true
  },
  "swem:recipes/misc/bin_grain_crimson": {
    "criteria": {
      "has_chest": "2024-09-17 05:23:07 +0000"
    },
    "done": true
  },
  "swem:recipes/misc/bin_grain_magenta": {
    "criteria": {
      "has_chest": "2024-09-17 05:23:07 +0000"
    },
    "done": true
  },
  "swem:recipes/misc/bin_grain_oak": {
    "criteria": {
      "has_chest": "2024-09-17 05:23:07 +0000"
    },
    "done": true
  },
  "swem:recipes/misc/bin_grain_white": {
    "criteria": {
      "has_chest": "2024-09-17 05:23:07 +0000"
    },
    "done": true
  },
  "swem:recipes/misc/bin_grain_yellow": {
    "criteria": {
      "has_chest": "2024-09-17 05:23:07 +0000"
    },
    "done": true
  },
  "swem:recipes/misc/bin_grain_cyan": {
    "criteria": {
      "has_chest": "2024-09-17 05:23:07 +0000"
    },
    "done": true
  },
  "travelersbackpack:recipes/misc/standard": {
    "criteria": {
      "has_chest": "2024-09-17 05:23:07 +0000"
    },
    "done": true
  },
  "swem:recipes/misc/bin_grain_warped": {
    "criteria": {
      "has_chest": "2024-09-17 05:23:07 +0000"
    },
    "done": true
  },
  "swem:recipes/misc/bin_grain_lime": {
    "criteria": {
      "has_chest": "2024-09-17 05:23:07 +0000"
    },
    "done": true
  },
  "travelersbackpack:recipes/misc/blank_upgrade": {
    "criteria": {
      "has_chest": "2024-09-17 05:23:07 +0000"
    },
    "done": true
  },
  "swem:recipes/misc/bin_grain_blue": {
    "criteria": {
      "has_chest": "2024-09-17 05:23:07 +0000"
    },
    "done": true
  },
  "swem:recipes/misc/bin_grain_red": {
    "criteria": {
      "has_chest": "2024-09-17 05:23:07 +0000"
    },
    "done": true
  },
  "swem:recipes/misc/bin_grain_acacia": {
    "criteria": {
      "has_chest": "2024-09-17 05:23:07 +0000"
    },
    "done": true
  },
  "swem:recipes/misc/bin_grain_birch": {
    "criteria": {
      "has_chest": "2024-09-17 05:23:07 +0000"
    },
    "done": true
  },
  "swem:recipes/misc/bin_grain_gray": {
    "criteria": {
      "has_chest": "2024-09-17 05:23:07 +0000"
    },
    "done": true
  },
  "swem:recipes/misc/bin_grain_black": {
    "criteria": {
      "has_chest": "2024-09-17 05:23:07 +0000"
    },
    "done": true
  },
  "swem:recipes/misc/bin_grain_light_gray": {
    "criteria": {
      "has_chest": "2024-09-17 05:23:07 +0000"
    },
    "done": true
  },
  "swem:recipes/misc/bin_grain_green": {
    "criteria": {
      "has_chest": "2024-09-17 05:23:07 +0000"
    },
    "done": true
  },
  "irons_spellbooks:irons_spellbooks/ink_root": {
    "criteria": {
      "requirement": "2024-09-17 05:23:39 +0000"
    },
    "done": true
  },
  "minecraft:recipes/brewing/fermented_spider_eye": {
    "criteria": {
      "has_spider_eye": "2024-09-17 05:23:49 +0000"
    },
    "done": true
  },
  "goblins_tyranny:goblins_slayer_success": {
    "criteria": {
      "goblins_slayer_success_0": "2024-09-17 05:24:11 +0000"
    },
    "done": true
  },
  "minecraft:recipes/decorations/spruce_hanging_sign": {
    "criteria": {
      "has_stripped_logs": "2024-09-17 05:25:50 +0000"
    },
    "done": true
  },
  "minecraft:recipes/building_blocks/stripped_spruce_wood": {
    "criteria": {
      "has_log": "2024-09-17 05:25:50 +0000"
    },
    "done": true
  },
  "minecraft:recipes/building_blocks/spruce_planks": {
    "criteria": {
      "has_logs": "2024-09-17 05:25:50 +0000"
    },
    "done": true
  },
  "goblins_tyranny:glitteron_armor_success": {
    "criteria": {
      "glitteron_armor_success_0": "2024-09-17 05:30:38 +0000"
    },
    "done": true
  },
  "swem:recipes/misc/halter_brown": {
    "criteria": {
      "has_iron_nugget": "2024-09-17 05:32:33 +0000"
    },
    "done": true
  },
  "swem:recipes/misc/web_guard_brown_rider": {
    "criteria": {
      "has_iron_nugget": "2024-09-17 05:32:33 +0000"
    },
    "done": true
  },
  "swem:recipes/misc/separator_purple": {
    "criteria": {
      "has_iron_nugget": "2024-09-17 05:32:33 +0000"
    },
    "done": true
  },
  "swem:recipes/misc/separator_orange": {
    "criteria": {
      "has_iron_nugget": "2024-09-17 05:32:33 +0000"
    },
    "done": true
  },
  "swem:recipes/misc/web_guard_purple_care": {
    "criteria": {
      "has_iron_nugget": "2024-09-17 05:32:33 +0000"
    },
    "done": true
  },
  "swem:recipes/misc/web_guard_purple_horse": {
    "criteria": {
      "has_iron_nugget": "2024-09-17 05:32:33 +0000"
    },
    "done": true
  },
  "swem:recipes/misc/web_guard_cyan_rider": {
    "criteria": {
      "has_iron_nugget": "2024-09-17 05:32:33 +0000"
    },
    "done": true
  },
  "swem:recipes/misc/web_guard_magenta_care": {
    "criteria": {
      "has_iron_nugget": "2024-09-17 05:32:33 +0000"
    },
    "done": true
  },
  "swem:recipes/misc/web_guard_pink_horse": {
    "criteria": {
      "has_iron_nugget": "2024-09-17 05:32:33 +0000"
    },
    "done": true
  },
  "swem:recipes/misc/web_guard_gray_rider": {
    "criteria": {
      "has_iron_nugget": "2024-09-17 05:32:33 +0000"
    },
    "done": true
  },
  "swem:recipes/misc/halter_orange": {
    "criteria": {
      "has_iron_nugget": "2024-09-17 05:32:33 +0000"
    },
    "done": true
  },
  "swem:recipes/misc/web_guard_lime_horse": {
    "criteria": {
      "has_iron_nugget": "2024-09-17 05:32:33 +0000"
    },
    "done": true
  },
  "swem:recipes/misc/halter_purple": {
    "criteria": {
      "has_iron_nugget": "2024-09-17 05:32:33 +0000"
    },
    "done": true
  },
  "swem:recipes/misc/web_guard_red_care": {
    "criteria": {
      "has_iron_nugget": "2024-09-17 05:32:33 +0000"
    },
    "done": true
  },
  "swem:recipes/misc/web_guard_lime_rider": {
    "criteria": {
      "has_iron_nugget": "2024-09-17 05:32:33 +0000"
    },
    "done": true
  },
  "swem:recipes/misc/separator_blue": {
    "criteria": {
      "has_iron_nugget": "2024-09-17 05:32:33 +0000"
    },
    "done": true
  },
  "swem:recipes/misc/web_guard_gray_horse": {
    "criteria": {
      "has_iron_nugget": "2024-09-17 05:32:33 +0000"
    },
    "done": true
  },
  "swem:recipes/misc/separator_cyan": {
    "criteria": {
      "has_iron_nugget": "2024-09-17 05:32:33 +0000"
    },
    "done": true
  },
  "swem:recipes/misc/separator_red": {
    "criteria": {
      "has_iron_nugget": "2024-09-17 05:32:33 +0000"
    },
    "done": true
  },
  "swem:recipes/misc/web_guard_yellow_horse": {
    "criteria": {
      "has_iron_nugget": "2024-09-17 05:32:33 +0000"
    },
    "done": true
  },
  "swem:recipes/misc/separator_light_gray": {
    "criteria": {
      "has_iron_nugget": "2024-09-17 05:32:33 +0000"
    },
    "done": true
  },
  "swem:recipes/misc/web_guard_light_blue_rider": {
    "criteria": {
      "has_iron_nugget": "2024-09-17 05:32:33 +0000"
    },
    "done": true
  },
  "swem:recipes/misc/web_guard_white_rider": {
    "criteria": {
      "has_iron_nugget": "2024-09-17 05:32:33 +0000"
    },
    "done": true
  },
  "swem:recipes/misc/web_guard_light_blue_care": {
    "criteria": {
      "has_iron_nugget": "2024-09-17 05:32:33 +0000"
    },
    "done": true
  },
  "swem:recipes/misc/halter_pink": {
    "criteria": {
      "has_iron_nugget": "2024-09-17 05:32:33 +0000"
    },
    "done": true
  },
  "swem:recipes/misc/web_guard_purple_rider": {
    "criteria": {
      "has_iron_nugget": "2024-09-17 05:32:33 +0000"
    },
    "done": true
  },
  "swem:recipes/misc/web_guard_yellow_care": {
    "criteria": {
      "has_iron_nugget": "2024-09-17 05:32:33 +0000"
    },
    "done": true
  },
  "swem:recipes/misc/separator_lime": {
    "criteria": {
      "has_iron_nugget": "2024-09-17 05:32:33 +0000"
    },
    "done": true
  },
  "swem:recipes/misc/separator_magenta": {
    "criteria": {
      "has_iron_nugget": "2024-09-17 05:32:33 +0000"
    },
    "done": true
  },
  "swem:recipes/misc/halter_yellow": {
    "criteria": {
      "has_iron_nugget": "2024-09-17 05:32:33 +0000"
    },
    "done": true
  },
  "swem:recipes/misc/web_guard_orange_care": {
    "criteria": {
      "has_iron_nugget": "2024-09-17 05:32:33 +0000"
    },
    "done": true
  },
  "swem:recipes/misc/web_guard_black_horse": {
    "criteria": {
      "has_iron_nugget": "2024-09-17 05:32:33 +0000"
    },
    "done": true
  },
  "swem:recipes/misc/web_guard_black_rider": {
    "criteria": {
      "has_iron_nugget": "2024-09-17 05:32:33 +0000"
    },
    "done": true
  },
  "swem:recipes/misc/separator_white": {
    "criteria": {
      "has_iron_nugget": "2024-09-17 05:32:33 +0000"
    },
    "done": true
  },
  "swem:recipes/misc/separator_gray": {
    "criteria": {
      "has_iron_nugget": "2024-09-17 05:32:33 +0000"
    },
    "done": true
  },
  "swem:recipes/misc/web_guard_brown_horse": {
    "criteria": {
      "has_iron_nugget": "2024-09-17 05:32:33 +0000"
    },
    "done": true
  },
  "swem:recipes/misc/web_guard_pink_rider": {
    "criteria": {
      "has_iron_nugget": "2024-09-17 05:32:33 +0000"
    },
    "done": true
  },
  "swem:recipes/misc/separator_light_blue": {
    "criteria": {
      "has_iron_nugget": "2024-09-17 05:32:33 +0000"
    },
    "done": true
  },
  "swem:recipes/misc/web_guard_light_blue_horse": {
    "criteria": {
      "has_iron_nugget": "2024-09-17 05:32:33 +0000"
    },
    "done": true
  },
  "swem:recipes/misc/separator_black": {
    "criteria": {
      "has_iron_nugget": "2024-09-17 05:32:33 +0000"
    },
    "done": true
  },
  "swem:recipes/misc/separator_green": {
    "criteria": {
      "has_iron_nugget": "2024-09-17 05:32:33 +0000"
    },
    "done": true
  },
  "minecraft:recipes/misc/iron_ingot_from_nuggets": {
    "criteria": {
      "has_iron_nugget": "2024-09-17 05:32:33 +0000"
    },
    "done": true
  },
  "swem:recipes/misc/web_guard_magenta_rider": {
    "criteria": {
      "has_iron_nugget": "2024-09-17 05:32:33 +0000"
    },
    "done": true
  },
  "swem:recipes/misc/halter_gray": {
    "criteria": {
      "has_iron_nugget": "2024-09-17 05:32:33 +0000"
    },
    "done": true
  },
  "swem:recipes/misc/web_guard_green_rider": {
    "criteria": {
      "has_iron_nugget": "2024-09-17 05:32:33 +0000"
    },
    "done": true
  },
  "swem:recipes/misc/web_guard_yellow_rider": {
    "criteria": {
      "has_iron_nugget": "2024-09-17 05:32:33 +0000"
    },
    "done": true
  },
  "swem:recipes/misc/halter_black": {
    "criteria": {
      "has_iron_nugget": "2024-09-17 05:32:33 +0000"
    },
    "done": true
  },
  "swem:recipes/misc/web_guard_orange_horse": {
    "criteria": {
      "has_iron_nugget": "2024-09-17 05:32:33 +0000"
    },
    "done": true
  },
  "swem:recipes/misc/halter_green": {
    "criteria": {
      "has_iron_nugget": "2024-09-17 05:32:33 +0000"
    },
    "done": true
  },
  "swem:recipes/misc/web_guard_gray_care": {
    "criteria": {
      "has_iron_nugget": "2024-09-17 05:32:33 +0000"
    },
    "done": true
  },
  "swem:recipes/misc/separator_pink": {
    "criteria": {
      "has_iron_nugget": "2024-09-17 05:32:33 +0000"
    },
    "done": true
  },
  "swem:recipes/misc/web_guard_orange_rider": {
    "criteria": {
      "has_iron_nugget": "2024-09-17 05:32:33 +0000"
    },
    "done": true
  },
  "swem:recipes/misc/halter_lime": {
    "criteria": {
      "has_iron_nugget": "2024-09-17 05:32:33 +0000"
    },
    "done": true
  },
  "swem:recipes/misc/web_guard_red_rider": {
    "criteria": {
      "has_iron_nugget": "2024-09-17 05:32:33 +0000"
    },
    "done": true
  },
  "swem:recipes/misc/web_guard_white_care": {
    "criteria": {
      "has_iron_nugget": "2024-09-17 05:32:33 +0000"
    },
    "done": true
  },
  "swem:recipes/misc/halter_red": {
    "criteria": {
      "has_iron_nugget": "2024-09-17 05:32:33 +0000"
    },
    "done": true
  },
  "swem:recipes/misc/web_guard_magenta_horse": {
    "criteria": {
      "has_iron_nugget": "2024-09-17 05:32:33 +0000"
    },
    "done": true
  },
  "swem:recipes/misc/web_guard_green_care": {
    "criteria": {
      "has_iron_nugget": "2024-09-17 05:32:33 +0000"
    },
    "done": true
  },
  "swem:recipes/misc/web_guard_black_care": {
    "criteria": {
      "has_iron_nugget": "2024-09-17 05:32:33 +0000"
    },
    "done": true
  },
  "swem:recipes/misc/web_guard_white_horse": {
    "criteria": {
      "has_iron_nugget": "2024-09-17 05:32:33 +0000"
    },
    "done": true
  },
  "swem:recipes/misc/separator_yellow": {
    "criteria": {
      "has_iron_nugget": "2024-09-17 05:32:33 +0000"
    },
    "done": true
  },
  "swem:recipes/misc/web_guard_cyan_care": {
    "criteria": {
      "has_iron_nugget": "2024-09-17 05:32:33 +0000"
    },
    "done": true
  },
  "swem:recipes/misc/web_guard_red_horse": {
    "criteria": {
      "has_iron_nugget": "2024-09-17 05:32:33 +0000"
    },
    "done": true
  },
  "swem:recipes/misc/halter_cyan": {
    "criteria": {
      "has_iron_nugget": "2024-09-17 05:32:33 +0000"
    },
    "done": true
  },
  "swem:recipes/misc/web_guard_cyan_horse": {
    "criteria": {
      "has_iron_nugget": "2024-09-17 05:32:33 +0000"
    },
    "done": true
  },
  "swem:recipes/misc/halter_blue": {
    "criteria": {
      "has_iron_nugget": "2024-09-17 05:32:33 +0000"
    },
    "done": true
  },
  "swem:recipes/misc/halter_light_blue": {
    "criteria": {
      "has_iron_nugget": "2024-09-17 05:32:33 +0000"
    },
    "done": true
  },
  "swem:recipes/misc/halter_white": {
    "criteria": {
      "has_iron_nugget": "2024-09-17 05:32:33 +0000"
    },
    "done": true
  },
  "swem:recipes/misc/hitching_ring": {
    "criteria": {
      "has_nugget": "2024-09-17 05:32:33 +0000"
    },
    "done": true
  },
  "swem:recipes/misc/web_guard_lime_care": {
    "criteria": {
      "has_iron_nugget": "2024-09-17 05:32:33 +0000"
    },
    "done": true
  },
  "swem:recipes/misc/web_guard_blue_horse": {
    "criteria": {
      "has_iron_nugget": "2024-09-17 05:32:33 +0000"
    },
    "done": true
  },
  "swem:recipes/misc/web_guard_light_gray_care": {
    "criteria": {
      "has_iron_nugget": "2024-09-17 05:32:33 +0000"
    },
    "done": true
  },
  "swem:recipes/misc/halter_magenta": {
    "criteria": {
      "has_iron_nugget": "2024-09-17 05:32:33 +0000"
    },
    "done": true
  },
  "swem:recipes/misc/separator_brown": {
    "criteria": {
      "has_iron_nugget": "2024-09-17 05:32:33 +0000"
    },
    "done": true
  },
  "swem:recipes/misc/halter_light_gray": {
    "criteria": {
      "has_iron_nugget": "2024-09-17 05:32:33 +0000"
    },
    "done": true
  },
  "swem:recipes/misc/web_guard_blue_rider": {
    "criteria": {
      "has_iron_nugget": "2024-09-17 05:32:33 +0000"
    },
    "done": true
  },
  "swem:recipes/misc/web_guard_light_gray_rider": {
    "criteria": {
      "has_iron_nugget": "2024-09-17 05:32:33 +0000"
    },
    "done": true
  },
  "swem:recipes/misc/web_guard_blue_care": {
    "criteria": {
      "has_iron_nugget": "2024-09-17 05:32:33 +0000"
    },
    "done": true
  },
  "swem:recipes/misc/web_guard_light_gray_horse": {
    "criteria": {
      "has_iron_nugget": "2024-09-17 05:32:33 +0000"
    },
    "done": true
  },
  "swem:recipes/misc/helmet_riding": {
    "criteria": {
      "has_iron_nugget": "2024-09-17 05:32:33 +0000"
    },
    "done": true
  },
  "swem:recipes/misc/web_guard_pink_care": {
    "criteria": {
      "has_iron_nugget": "2024-09-17 05:32:33 +0000"
    },
    "done": true
  },
  "swem:recipes/misc/web_guard_green_horse": {
    "criteria": {
      "has_iron_nugget": "2024-09-17 05:32:33 +0000"
    },
    "done": true
  },
  "swem:recipes/misc/web_guard_brown_care": {
    "criteria": {
      "has_iron_nugget": "2024-09-17 05:32:33 +0000"
    },
    "done": true
  },
  "minecraft:recipes/misc/book": {
    "criteria": {
      "has_paper": "2024-09-17 05:34:55 +0000"
    },
    "done": true
  },
  "minecraft:recipes/decorations/cartography_table": {
    "criteria": {
      "has_paper": "2024-09-17 05:34:55 +0000"
    },
    "done": true
  },
  "illusion_onslaught:strange_scrolls": {
    "criteria": {
      "strange_scrolls": "2024-09-17 05:35:37 +0000"
    },
    "done": true
  },
  "minecraft:recipes/brewing/golden_carrot": {
    "criteria": {
      "has_gold_nugget": "2024-09-17 05:37:10 +0000"
    },
    "done": true
  },
  "iceandfire:recipes/food/gold_pile": {
    "criteria": {
      "has_item": "2024-09-17 05:37:10 +0000"
    },
    "done": true
  },
  "minecraft:recipes/misc/gold_ingot_from_nuggets": {
    "criteria": {
      "has_gold_nugget": "2024-09-17 05:37:10 +0000"
    },
    "done": true
  },
  "minecraft:recipes/building_blocks/emerald_block": {
    "criteria": {
      "has_emerald": "2024-09-17 05:37:10 +0000"
    },
    "done": true
  },
  "travelersbackpack:recipes/misc/emerald": {
    "criteria": {
      "has_emerald": "2024-09-17 05:37:10 +0000"
    },
    "done": true
  },
  "minecraft:recipes/food/cooked_mutton_from_smoking": {
    "criteria": {
      "has_mutton": "2024-09-17 05:38:10 +0000"
    },
    "done": true
  },
  "iceandfire:recipes/misc/dragon_meal": {
    "criteria": {
      "has_item": "2024-09-17 05:38:10 +0000"
    },
    "done": true
  },
  "minecraft:recipes/food/cooked_mutton": {
    "criteria": {
      "has_mutton": "2024-09-17 05:38:10 +0000"
    },
    "done": true
  },
  "minecraft:recipes/food/cooked_mutton_from_campfire_cooking": {
    "criteria": {
      "has_mutton": "2024-09-17 05:38:10 +0000"
    },
    "done": true
  },
  "farmersdelight:recipes/cooking/pasta_with_mutton_chop": {
    "criteria": {
      "has_any_ingredient": "2024-09-17 05:38:10 +0000"
    },
    "done": true
  },
  "minecraft:recipes/decorations/smoker": {
    "criteria": {
      "has_furnace": "2024-09-17 05:40:33 +0000"
    },
    "done": true
  },
  "minecraft:recipes/misc/gold_nugget_from_blasting": {
    "criteria": {
      "has_golden_shovel": "2024-09-17 05:43:57 +0000"
    },
    "done": true
  },
  "minecraft:recipes/misc/gold_nugget_from_smelting": {
    "criteria": {
      "has_golden_shovel": "2024-09-17 05:43:57 +0000"
    },
    "done": true
  },
  "minecraft:recipes/misc/gold_ingot_from_smelting_raw_gold": {
    "criteria": {
      "has_the_recipe": "2024-09-17 05:46:09 +0000"
    },
    "done": true
  },
  "illusion_onslaught:sorcerers_robe": {
    "criteria": {
      "sorcerers_robe": "2024-09-17 05:46:18 +0000"
    },
    "done": true
  },
  "minecraft:husbandry/tame_an_animal": {
    "criteria": {
      "tamed_animal": "2024-09-17 05:47:37 +0000"
    },
    "done": true
  },
  "iceandfire:iceandfire/tame_amphithere": {
    "criteria": {
      "tame_rat": "2024-09-17 05:47:37 +0000"
    },
    "done": true
  },
  "minecraft:recipes/misc/iron_nugget_from_smelting": {
    "criteria": {
      "has_iron_pickaxe": "2024-09-17 05:49:13 +0000"
    },
    "done": true
  },
  "minecraft:story/iron_tools": {
    "criteria": {
      "iron_pickaxe": "2024-09-17 05:49:13 +0000"
    },
    "done": true
  },
  "minecraft:recipes/misc/iron_nugget_from_blasting": {
    "criteria": {
      "has_iron_pickaxe": "2024-09-17 05:49:13 +0000"
    },
    "done": true
  },
  "minecraft:adventure/kill_all_mobs": {
    "criteria": {
      "minecraft:skeleton": "2024-09-17 05:57:22 +0000",
      "minecraft:spider": "2024-09-17 05:57:48 +0000",
      "minecraft:zombie": "2024-09-17 05:57:36 +0000"
    },
    "done": false
  },
  "minecraft:adventure/kill_a_mob": {
    "criteria": {
      "minecraft:skeleton": "2024-09-17 05:57:22 +0000"
    },
    "done": true
  },
  "travelersbackpack:recipes/misc/skeleton": {
    "criteria": {
      "has_arrow": "2024-09-17 05:57:23 +0000"
    },
    "done": true
  },
  "paraglider:pray_to_the_goddess": {
    "criteria": {
      "bargain": "2024-09-17 05:58:06 +0000"
    },
    "done": true
  },
  "minecraft:recipes/building_blocks/raw_iron_block": {
    "criteria": {
      "has_raw_iron": "2024-09-17 05:59:27 +0000"
    },
    "done": true
  },
  "minecraft:recipes/misc/iron_ingot_from_blasting_raw_iron": {
    "criteria": {
      "has_raw_iron": "2024-09-17 05:59:27 +0000"
    },
    "done": true
  },
  "minecraft:recipes/misc/iron_ingot_from_smelting_raw_iron": {
    "criteria": {
      "has_raw_iron": "2024-09-17 05:59:27 +0000"
    },
    "done": true
  },
  "iceandfire:recipes/combat/amphithere_macuahuitl": {
    "criteria": {
      "has_item": "2024-09-17 06:05:08 +0000"
    },
    "done": true
  },
  "iceandfire:recipes/combat/amphithere_arrow": {
    "criteria": {
      "has_item": "2024-09-17 06:05:08 +0000"
    },
    "done": true
  },
  "luminousworld:crab_rave": {
    "criteria": {
      "crab_rave_0": "2024-09-17 06:05:59 +0000"
    },
    "done": true
  },
  "minecraft:recipes/building_blocks/dark_oak_stairs": {
    "criteria": {
      "has_planks": "2024-09-17 06:07:42 +0000"
    },
    "done": true
  },
  "minecraft:recipes/redstone/dark_oak_door": {
    "criteria": {
      "has_planks": "2024-09-17 06:07:42 +0000"
    },
    "done": true
  },
  "minecraft:recipes/decorations/dark_oak_sign": {
    "criteria": {
      "has_planks": "2024-09-17 06:07:42 +0000"
    },
    "done": true
  },
  "minecraft:recipes/redstone/dark_oak_fence_gate": {
    "criteria": {
      "has_planks": "2024-09-17 06:07:42 +0000"
    },
    "done": true
  },
  "minecraft:recipes/redstone/dark_oak_trapdoor": {
    "criteria": {
      "has_planks": "2024-09-17 06:07:42 +0000"
    },
    "done": true
  },
  "minecraft:recipes/redstone/dark_oak_button": {
    "criteria": {
      "has_planks": "2024-09-17 06:07:42 +0000"
    },
    "done": true
  },
  "minecraft:recipes/redstone/dark_oak_pressure_plate": {
    "criteria": {
      "has_planks": "2024-09-17 06:07:42 +0000"
    },
    "done": true
  },
  "minecraft:recipes/decorations/dark_oak_fence": {
    "criteria": {
      "has_planks": "2024-09-17 06:07:42 +0000"
    },
    "done": true
  },
  "minecraft:recipes/building_blocks/dark_oak_slab": {
    "criteria": {
      "has_planks": "2024-09-17 06:07:42 +0000"
    },
    "done": true
  },
  "farmersdelight:recipes/food/roasted_mutton_chops": {
    "criteria": {
      "has_mutton": "2024-09-17 06:08:10 +0000"
    },
    "done": true
  },
  "farmersdelight:recipes/food/shepherds_pie_block": {
    "criteria": {
      "has_cooked_mutton": "2024-09-17 06:08:10 +0000"
    },
    "done": true
  },
  "farmersdelight:recipes/food/mutton_wrap": {
    "criteria": {
      "has_mutton": "2024-09-17 06:08:10 +0000"
    },
    "done": true
  },
  "farmersdelight:recipes/cooking/baked_cod_stew": {
    "criteria": {
      "has_any_ingredient": "2024-09-17 20:48:19 +0000"
    },
    "done": true
  },
  "minecraft:recipes/redstone/slime_block": {
    "criteria": {
      "has_slime_ball": "2024-09-17 20:48:19 +0000"
    },
    "done": true
  },
  "minecraft:recipes/food/baked_potato_from_campfire_cooking": {
    "criteria": {
      "has_potato": "2024-09-17 20:48:19 +0000"
    },
    "done": true
  },
  "minecraft:recipes/food/baked_potato": {
    "criteria": {
      "has_potato": "2024-09-17 20:48:19 +0000"
    },
    "done": true
  },
  "alekiships:crafting/watercraft_frame_flat": {
    "criteria": {
      "has_item": "2024-09-17 20:50:53 +0000"
    },
    "done": true
  },
  "alekiships:crafting/watercraft_frame_angled": {
    "criteria": {
      "has_item": "2024-09-17 20:50:53 +0000"
    },
    "done": true
  },
  "minecraft:recipes/tools/lead": {
    "criteria": {
      "has_slime_ball": "2024-09-17 20:48:19 +0000"
    },
    "done": true
  },
  "minecraft:recipes/redstone/sticky_piston": {
    "criteria": {
      "has_slime_ball": "2024-09-17 20:48:19 +0000"
    },
    "done": true
  },
  "farmersdelight:recipes/cooking/beef_stew": {
    "criteria": {
      "has_any_ingredient": "2024-09-17 20:48:19 +0000"
    },
    "done": true
  },
  "minecraft:recipes/food/baked_potato_from_smoking": {
    "criteria": {
      "has_potato": "2024-09-17 20:48:19 +0000"
    },
    "done": true
  },
  "DataVersion": 3465
}